X,Y,Incident_ID,Agency,Offense,Street,City,State,Zipcode,Date_of_Report,Date_of_Occurrence,Date_Found,Reported_As,Premise_Description,Forcible,Weapon_Description,Victim_Age,Victim_Race,Victim_Gender,Latitude,Longitude,ObjectId
-8800264.272,4290314.225,74314,CHPD,OPEN CONTAINER,HILLSBOROUGH@MLK JR BLVD,CHAPEL HILL,NC,27516,2010/01/11 02:31:00+00,2010/01/11 02:30:00+00,2010/01/11 02:31:00+00,<Null>,HIGHWAY/ROAD/STREET  ETC.,N,<Null>,<Null>,<Null>,<Null>,35.925057,-79.054119,813
-8801747.382,4289051.518,75903,CHPD,ALCOHOL VIOLATIONS/OPEN CONTAINER,GOMAINS AVE/BYNUM STREET,CHAPEL HILL,NC,27514,2010/04/01 22:16:00+00,2010/04/01 22:16:00+00,2010/04/01 22:16:00+00,<Null>,SERVICE/GAS STATION,<Null>,<Null>,<Null>,<Null>,<Null>,35.915871,-79.067442,1184
-8800491.253,4288683.977,76196,CHPD,OPEN CONTAINER,102  W. FRANKLIN ST,CHAPEL HILL,NC,27517,2010/04/15 22:46:00+00,2010/04/15 22:45:00+00,2010/04/15 22:46:00+00,<Null>,HIGHWAY/ROAD/STREET  ETC.,N,<Null>,<Null>,<Null>,<Null>,35.913197,-79.056158,2943
-8800409.655,4288663.498,77362,CHPD,OPEN CONTAINER,100  E FRANKLIN ST,CHAPEL HILL,NC,27516,2010/06/11 19:04:00+00,2010/06/11 19:03:00+00,2010/06/11 19:04:00+00,<Null>,HIGHWAY/ROAD/STREET  ETC.,N,<Null>,<Null>,<Null>,<Null>,35.913048,-79.055425,3108
-8800458.525,4288672.569,77649,CHPD,OPEN CONTAINER,100 S COLUMBIA ST,CHAPEL HILL,NC,27516,2010/06/26 19:22:00+00,2010/06/26 19:21:00+00,2010/06/26 19:22:00+00,<Null>,HIGHWAY/ROAD/STREET  ETC.,N,<Null>,<Null>,<Null>,<Null>,35.913114,-79.055864,3126
-8800157.517,4288821.563,77361,CHPD,OPEN CONTAINER OF MALT BEVERAGE,173 E FRANKLIN ST,CHAPEL HILL,NC,27514,2010/06/11 22:55:00+00,2010/06/11 22:54:00+00,2010/06/11 22:55:00+00,<Null>,HIGHWAY/ROAD/STREET  ETC.,N,<Null>,<Null>,<Null>,<Null>,35.914198,-79.05316,3292
-8800322.715,4288761.498,77366,CHPD,OPEN CONTAINER,135 EAST FRANKLIN ST,CHAPEL HILL,NC,27516,2010/06/12 01:30:00+00,2010/06/12 01:29:00+00,2010/06/12 01:30:00+00,<Null>,HIGHWAY/ROAD/STREET  ETC.,N,<Null>,<Null>,<Null>,<Null>,35.913761,-79.054644,3497
-8799723.705,4289024.852,77823,CHPD,OPEN CONTAINER,313 E FRANKLIN ST/RALEIGH ST,CHAPEL HILL,NC,27514,2010/07/05 21:15:00+00,2010/07/05 21:15:00+00,2010/07/05 21:15:00+00,<Null>,HIGHWAY/ROAD/STREET  ETC.,N,<Null>,<Null>,<Null>,<Null>,35.915677,-79.049263,3845
-8800253.919,4288767.408,78378,CHPD,OPEN CONTAINER OF MALT BEVERAGE,150 E FRANKLIN ST,CHAPEL HILL,NC,27514,2010/08/03 16:37:00+00,2010/08/03 16:34:00+00,2010/08/03 16:37:00+00,<Null>,HIGHWAY/ROAD/STREET  ETC.,N,<Null>,<Null>,<Null>,<Null>,35.913804,-79.054026,4511
-8800253.919,4288767.408,79521,CHPD,OPEN CONTAINER OF MALT BEVERAGE,150 E FRANKLIN ST,CHAPEL HILL,NC,27514,2010/09/28 15:07:00+00,2010/09/28 15:06:00+00,2010/09/28 15:07:00+00,<Null>,HIGHWAY/ROAD/STREET  ETC.,N,<Null>,<Null>,<Null>,<Null>,35.913804,-79.054026,5153
-8800278.744,4288763.972,79422,CHPD,OPEN CONTAINER OF MALT BEVERAGE,145 E FRANKLIN ST,CHAPEL HILL,NC,27514,2010/09/23 20:44:00+00,2010/09/23 20:43:00+00,2010/09/23 20:44:00+00,<Null>,HIGHWAY/ROAD/STREET  ETC.,N,<Null>,<Null>,<Null>,<Null>,35.913779,-79.054249,5244
-8801028.926,4296322.272,80162,CHPD,OPEN CONTAINER,7699 NC 86 S/EUBANKS RD,CHAPEL HILL,NC,27516,2010/10/30 00:01:00+00,2010/10/30 00:01:00+00,2010/10/30 00:01:00+00,<Null>,HIGHWAY/ROAD/STREET  ETC.,<Null>,<Null>,<Null>,<Null>,<Null>,35.96875,-79.060988,5484
-8800580.642,4288675.593,79399,CHPD,OPEN CONTAINER OF MALT BEVERAGE,120 WEST FRANKLIN ST,CHAPEL HILL,NC,27516,2010/09/22 17:38:00+00,2010/09/22 17:37:00+00,2010/09/22 17:38:00+00,<Null>,HIGHWAY/ROAD/STREET  ETC.,N,<Null>,<Null>,<Null>,<Null>,35.913136,-79.056961,5858
-8800333.179,4288738.132,80949,CHPD,OPEN CONTAINER,131 E FRANKLIN ST,CHAPEL HILL,NC,27514,2010/12/10 19:45:00+00,2010/12/10 19:44:00+00,2010/12/10 19:45:00+00,<Null>,HIGHWAY/ROAD/STREET  ETC.,N,<Null>,<Null>,<Null>,<Null>,35.913591,-79.054738,6254
-8797245.288,4291861.261,80932,CHPD,TRANSPORT OPEN CONTAINER,1800 E FRANKLIN ST,CHAPEL HILL,NC,27514,2010/12/11 02:46:00+00,2010/12/11 02:46:00+00,2010/12/11 02:46:00+00,<Null>,HIGHWAY/ROAD/STREET  ETC.,N,<Null>,<Null>,<Null>,<Null>,35.93631,-79.026999,6385
-8800506.169,4288803.694,82266,CHPD,OPEN CONTAINER OF MALT BEVERAGE,COLUMBIA ST @ ROSEMARY ST,CHAPEL HILL,NC,27514,2011/02/19 17:50:00+00,2011/02/19 17:49:00+00,2011/02/19 17:50:00+00,<Null>,HIGHWAY/ROAD/STREET  ETC.,N,<Null>,<Null>,<Null>,<Null>,35.914068,-79.056292,7060
-8800819.868,4295957.374,81269,CHPD,ALCOHOL VIOLATIONS OPEN CONTAINER,MARTIN LUTHER KING BLVD @ PERKINS DR,CHAPEL HILL,NC,27516,2010/12/30 15:07:00+00,2010/12/30 15:07:00+00,2010/12/30 15:07:00+00,<Null>,HIGHWAY/ROAD/STREET  ETC.,<Null>,<Null>,<Null>,<Null>,<Null>,35.966097,-79.05911,7444
-8800441.493,4288789.812,82254,CHPD,OPEN CONTAINER OF MALT BEVERAGE,100 E ROSEMARY ST,CHAPEL HILL,NC,27516,2011/02/18 18:02:00+00,2011/02/18 18:01:00+00,2011/02/18 18:02:00+00,<Null>,HIGHWAY/ROAD/ALLEY/STREET/SIDEWALK,<Null>,<Null>,<Null>,<Null>,<Null>,35.913967,-79.055711,7779
-8800253.919,4288767.408,82763,CHPD,OPEN CONTAINER,150 E FRANKLIN ST,CHAPEL HILL,NC,27514,2011/03/15 16:38:00+00,2011/03/15 16:37:00+00,2011/03/15 16:38:00+00,<Null>,HIGHWAY/ROAD/STREET  ETC.,N,<Null>,<Null>,<Null>,<Null>,35.913804,-79.054026,8232
-8800131.468,4288833.933,82840,CHPD,OPEN CONTAINER OF BEER,179 E FRANKLIN ST,CHAPEL HILL,NC,27514,2011/03/19 23:40:00+00,2011/03/19 23:39:00+00,2011/03/19 23:40:00+00,<Null>,HIGHWAY/ROAD/STREET  ETC.,N,<Null>,<Null>,<Null>,<Null>,35.914288,-79.052926,8474
-8800769.329,4288597.248,84226,CHPD,OPEN CONTAINER OF MALT BEVERAGE,200  W FRANKLIN ST,CHAPEL HILL,NC,27514,2011/05/31 12:46:00+00,2011/05/31 12:46:00+00,2011/05/31 12:46:00+00,<Null>,HIGHWAY/ROAD/STREET  ETC.,N,<Null>,<Null>,<Null>,<Null>,35.912566,-79.058656,9167
-8800929.963,4288452.381,84275,CHPD,OPEN CONTAINER OF MALT BEVERAGE,310 W FRANKLIN ST,CHAPEL HILL,NC,27516,2011/06/02 23:19:00+00,2011/06/02 23:18:00+00,2011/06/02 23:19:00+00,<Null>,HIGHWAY/ROAD/STREET  ETC.,N,<Null>,<Null>,<Null>,<Null>,35.911512,-79.060099,9190
-8800191.358,4288691.812,83707,CHPD,OPEN CONTAINER,150 E FRANKLIN ST,CHAPEL HILL,NC,27514,2011/05/03 20:55:00+00,2011/05/03 20:55:00+00,2011/05/03 20:55:00+00,<Null>,HIGHWAY/ROAD/STREET  ETC.,N,<Null>,<Null>,<Null>,<Null>,35.913254,-79.053464,9490
-8801025.698,4288406.337,83294,CHPD,OPEN CONTAINER,410 W FRANKLIN ST,CHAPEL HILL,NC,27516,2011/04/11 09:45:00+00,2011/04/11 09:45:00+00,2011/04/11 09:45:00+00,<Null>,BEHIND BUILDING/ALLEY,<Null>,<Null>,<Null>,<Null>,<Null>,35.911177,-79.060959,9499
-8796049.939,4287597.648,84255,CHPD,OPEN CONTAINER,WEST BARBEE CHAPEL RD @ RALEIGH RD,CHAPEL HILL,NC,27514,2011/05/28 20:11:00+00,2011/05/28 20:10:00+00,2011/05/28 20:11:00+00,<Null>,HIGHWAY/ROAD/STREET  ETC.,N,<Null>,<Null>,<Null>,<Null>,35.905293,-79.016261,9529
-8800413.886,4288699.234,84176,CHPD,OPEN CONTAINER,109 E FRANKLIN ST,CHAPEL HILL,NC,27514,2011/05/28 21:24:00+00,2011/05/28 21:23:00+00,2011/05/28 21:24:00+00,<Null>,HIGHWAY/ROAD/STREET  ETC.,N,<Null>,<Null>,<Null>,<Null>,35.913308,-79.055463,9543
-8796792.663,4291411.549,83384,CHPD,TRANSPORT OPEN CONTAINER,1250 EPHESUS CHURCH RD,CHAPEL HILL,NC,27517,2011/04/17 00:14:00+00,2011/04/16 04:20:00+00,2011/04/16 04:20:00+00,<Null>,HIGHWAY/ROAD/STREET  ETC.,<Null>,<Null>,<Null>,<Null>,<Null>,35.933039,-79.022933,9586
-8798454.663,4290281.232,83870,CHPD,OPEN CONTAINER,E FRANKLIN ST,CHAPEL HILL,NC,27514,2011/05/12 21:25:00+00,2011/05/12 19:48:00+00,2011/05/12 19:48:00+00,<Null>,HIGHWAY/ROAD/ALLEY/STREET/SIDEWALK,<Null>,<Null>,<Null>,<Null>,<Null>,35.924817,-79.037863,9632
-8800226.758,4288788.713,83373,CHPD,OPEN CONTAINER,157 E FRANKLIN ST,CHAPEL HILL,NC,27514,2011/04/16 00:00:00+00,2011/04/15 23:59:00+00,2011/04/16 00:00:00+00,<Null>,HIGHWAY/ROAD/STREET  ETC.,N,<Null>,<Null>,<Null>,<Null>,35.913959,-79.053782,9824
-8800768.327,4296250.199,84103,CHPD,OPEN CONTAINER OF ALCOHOL,1800 MARTIN LUTHER KING JR BLVD,CHAPEL HILL,NC,27514,2011/05/23 21:04:00+00,2011/05/23 21:03:00+00,2011/05/23 21:04:00+00,<Null>,GROCERY/SUPERMARKET,<Null>,<Null>,61,W,M,35.968226,-79.058647,9919
-8800377.261,4288717.239,85225,CHPD,OPEN CONTAINER,119 E FRANKLIN ST,CHAPEL HILL,NC,27514,2011/07/21 22:13:00+00,2011/07/21 22:12:00+00,2011/07/21 22:13:00+00,<Null>,HIGHWAY/ROAD/STREET  ETC.,<Null>,<Null>,<Null>,<Null>,<Null>,35.913439,-79.055134,10162
-8800191.358,4288691.812,84629,CHPD,OPEN CONTAINER,150 E FRANKLIN ST,CHAPEL HILL,NC,27514,2011/06/22 18:50:00+00,2011/06/22 18:50:00+00,2011/06/22 18:50:00+00,<Null>,CHURCH/SYNAGOGUE/TEMPLE,N,<Null>,<Null>,<Null>,<Null>,35.913254,-79.053464,10319
-8800287.427,4288759.848,85224,CHPD,OPEN CONTAINER,143 E FRANKLIN ST,CHAPEL HILL,NC,27514,2011/07/21 19:50:00+00,2011/07/21 19:49:00+00,2011/07/21 19:50:00+00,<Null>,HIGHWAY/ROAD/STREET  ETC.,<Null>,<Null>,<Null>,<Null>,<Null>,35.913749,-79.054327,10967
-8800131.468,4288833.933,85963,CHPD,OPEN CONTAINER,179 E FRANKLIN ST,CHAPEL HILL,NC,27514,2011/08/24 23:35:00+00,2011/08/24 23:34:00+00,2011/08/24 23:35:00+00,<Null>,GOVERNMENT/PUBLIC BUILDING,N,<Null>,<Null>,<Null>,<Null>,35.914288,-79.052926,11014
-8800929.963,4288452.381,85703,CHPD,OPEN CONTAINER,310 W FRANKLIN ST,CHAPEL HILL,NC,27516,2011/08/13 22:00:00+00,2011/08/13 21:59:00+00,2011/08/13 22:00:00+00,<Null>,HIGHWAY/ROAD/STREET  ETC.,N,<Null>,<Null>,<Null>,<Null>,35.911512,-79.060099,11050
-8800148.834,4288825.686,85808,CHPD,OPEN CONTAINER VIOLATION,175 E FRANKLIN ST,CHAPEL HILL,NC,27514,2011/08/18 19:59:00+00,2011/08/18 19:53:00+00,2011/08/18 19:53:00+00,<Null>,BEHIND BUILDING/ALLEY,N,<Null>,<Null>,<Null>,<Null>,35.914228,-79.053082,11103
-8800340.971,4288726.036,86173,CHPD,OPEN CONTAINER OF UNFORTIFIED WINE,128 E FRANKLIN ST,CHAPEL HILL,NC,27514,2011/09/03 16:02:00+00,2011/09/03 16:01:00+00,2011/09/03 16:02:00+00,<Null>,HIGHWAY/ROAD/STREET  ETC.,N,<Null>,<Null>,<Null>,<Null>,35.913503,-79.054808,11310
-8800270.061,4288768.095,85405,CHPD,OPEN CONTAINER OF MALT BEVERAGE,147 E FRANKLIN ST,CHAPEL HILL,NC,27514,2011/07/30 18:59:00+00,2011/07/30 18:58:00+00,2011/07/30 18:59:00+00,<Null>,HIGHWAY/ROAD/STREET  ETC.,N,<Null>,<Null>,<Null>,<Null>,35.913809,-79.054171,11435
-8800131.468,4288833.933,86822,CHPD,OPEN CONTAINER,179 E FRANKLIN ST,CHAPEL HILL,NC,27514,2011/10/04 01:14:00+00,2011/10/04 00:18:00+00,2011/10/04 00:18:00+00,<Null>,GOVERNMENT/PUBLIC BUILDING,N,<Null>,<Null>,<Null>,<Null>,35.914288,-79.052926,12104
-8799988.2,4290063.074,87170,CHPD,OPEN CONTAINER,HILLSBOROUGH ST @ BOLINWOOD CIR,CHAPEL HILL,NC,27514,2011/10/15 18:30:00+00,2011/10/15 18:29:00+00,2011/10/15 18:30:00+00,<Null>,HIGHWAY/ROAD/STREET  ETC.,N,<Null>,<Null>,<Null>,<Null>,35.92323,-79.051639,12229
-8797824.038,4291289.603,86696,CHPD,OPEN CONTAINER,1520 E FRANKLIN ST,CHAPEL HILL,NC,27514,2011/09/26 22:45:00+00,2011/09/26 22:44:00+00,2011/09/26 22:45:00+00,<Null>,HIGHWAY/ROAD/STREET  ETC.,N,<Null>,<Null>,<Null>,<Null>,35.932152,-79.032198,12435
-8801019.464,4288556.289,86932,CHPD,OPEN CONTAINER OF MALT BEVERAGE,325 W ROSEMARY ST,CHAPEL HILL,NC,27516,2011/10/08 19:21:00+00,2011/10/08 17:17:00+00,2011/10/08 17:18:00+00,<Null>,HIGHWAY/ROAD/STREET  ETC.,N,<Null>,<Null>,<Null>,<Null>,35.912268,-79.060903,12475
-8800903.803,4288465.301,86438,CHPD,OPEN CONTAINER,306 W FRANKLIN ST,CHAPEL HILL,NC,27516,2011/09/15 09:10:00+00,2011/09/15 09:10:00+00,2011/09/15 09:10:00+00,<Null>,BEHIND BUILDING/ALLEY,<Null>,<Null>,<Null>,<Null>,<Null>,35.911606,-79.059864,12504
-8801190.45,4288479.595,86670,CHPD,OPEN CONTAINER,WEST ROSEMARY @ MITCHELL LN,CHAPEL HILL,NC,27516,2011/09/25 16:55:00+00,2011/09/25 16:55:00+00,2011/09/25 16:55:00+00,<Null>,HIGHWAY/ROAD/STREET  ETC.,<Null>,<Null>,<Null>,<Null>,<Null>,35.91171,-79.062439,12557
-8800253.919,4288767.408,88170,CHPD,OPEN CONTAINER,150 E FRANKLIN ST,CHAPEL HILL,NC,27514,2011/12/14 18:39:00+00,2011/12/14 18:38:00+00,2011/12/14 18:39:00+00,<Null>,HIGHWAY/ROAD/STREET  ETC.,N,<Null>,<Null>,<Null>,<Null>,35.913804,-79.054026,13696
-8800483.572,4288607.007,88286,CHPD,OPEN CONTAINER OF MALT BEVERAGE,100  N COLUMBIA ST,CHAPEL HILL,NC,27514,2011/12/21 16:52:00+00,2011/12/21 16:51:00+00,2011/12/21 16:52:00+00,<Null>,HIGHWAY/ROAD/STREET  ETC.,N,<Null>,<Null>,<Null>,<Null>,35.912637,-79.056089,13846
-8800449.063,4288678.754,88203,CHPD,OPEN CONTAINER,EAST FRANKLIN@COLUMBIA ST,CHAPEL HILL,NC,27514,2011/12/17 11:23:00+00,2011/12/17 11:23:00+00,2011/12/17 11:23:00+00,<Null>,HIGHWAY/ROAD/STREET  ETC.,<Null>,<Null>,<Null>,<Null>,<Null>,35.913159,-79.055779,13991
-8800131.468,4288833.933,89443,CHPD,OPEN CONTAINER OF MALT BEVERAGE,179 E FRANKLIN ST,CHAPEL HILL,NC,27514,2012/02/17 18:28:00+00,2012/02/17 18:27:00+00,2012/02/17 18:28:00+00,<Null>,BEHIND BUILDING/ALLEY,N,<Null>,<Null>,<Null>,<Null>,35.914288,-79.052926,14589
-8800157.517,4288821.563,89735,CHPD,OPEN CONTAINER OF MALT BEVERAGE,173 E FRANKLIN ST,CHAPEL HILL,NC,27514,2012/03/08 22:16:00+00,2012/03/08 19:52:00+00,2012/03/08 19:52:00+00,<Null>,HIGHWAY/ROAD/STREET  ETC.,N,<Null>,<Null>,<Null>,<Null>,35.914198,-79.05316,15805
-8800350.767,4288674.631,90578,CHPD,OPEN CONTAINER,120 EAST FRANKLIN ST,CHAPEL HILL,NC,27516,2012/04/16 03:16:00+00,2012/04/16 03:16:00+00,2012/04/16 03:16:00+00,<Null>,HIGHWAY/ROAD/STREET  ETC.,<Null>,<Null>,<Null>,<Null>,<Null>,35.913129,-79.054896,15938
-8800649.772,4288577.044,91229,CHPD,OPEN CONTAINER,133 W FRANKLIN ST,CHAPEL HILL,NC,27516,2012/05/17 01:58:00+00,2012/05/17 01:57:00+00,2012/05/17 01:58:00+00,<Null>,HIGHWAY/ROAD/STREET  ETC.,N,<Null>,<Null>,<Null>,<Null>,35.912419,-79.057582,16300
-8800712.333,4288555.602,90678,CHPD,OPEN CONTAINER,200 W FRANKLIN ST,CHAPEL HILL,NC,27516,2012/04/20 02:26:00+00,2012/04/20 02:25:00+00,2012/04/20 02:26:00+00,<Null>,HIGHWAY/ROAD/STREET  ETC.,N,<Null>,<Null>,<Null>,<Null>,35.912263,-79.058144,16435
-8800282.195,4288784.589,92209,CHPD,OPEN CONTAINER OF MALT BEVERAGE,147 EAST FRANKLIN ST,CHAPEL HILL,NC,<Null>,2012/07/05 00:01:00+00,2012/07/04 22:43:00+00,2012/07/04 22:43:00+00,<Null>,HIGHWAY/ROAD/STREET  ETC.,N,<Null>,<Null>,<Null>,<Null>,35.913929,-79.05428,17037
-8800218.075,4288792.836,92640,CHPD,OPEN CONTAINER OF MALT BEVERAGE,159 E FRANKLIN ST,CHAPEL HILL,NC,27514,2012/07/27 12:37:00+00,2012/07/27 12:37:00+00,2012/07/27 12:37:00+00,<Null>,BEHIND BUILDING/ALLEY,N,<Null>,<Null>,<Null>,<Null>,35.913989,-79.053704,17688
-8799891.686,4289104.574,92207,CHPD,OPEN CONTAINER OF MALT BEVERAGE,325 EAST ROSEMARY ST,CHAPEL HILL,NC,27514,2012/07/04 21:09:00+00,2012/07/04 20:43:00+00,2012/07/04 20:44:00+00,<Null>,HIGHWAY/ROAD/STREET  ETC.,N,<Null>,<Null>,<Null>,<Null>,35.916257,-79.050772,17997
-8800148.834,4288825.686,93292,CHPD,OPEN CONTAINER OF MALT BEVERAGE,175 E FRANKLIN ST,CHAPEL HILL,NC,27514,2012/08/30 22:23:00+00,2012/08/30 19:52:00+00,2012/08/30 20:03:00+00,<Null>,HIGHWAY/ROAD/STREET  ETC.,N,<Null>,<Null>,<Null>,<Null>,35.914228,-79.053082,18294
-8800704.095,4288854.413,93036,CHPD,OPEN CONTAINER,PRITCHARD AVE @ SHORT ST,CHAPEL HILL,NC,27514,2012/08/19 00:32:00+00,2012/08/19 00:31:00+00,2012/08/19 00:32:00+00,<Null>,HIGHWAY/ROAD/STREET  ETC.,N,<Null>,<Null>,<Null>,<Null>,35.914437,-79.05807,18447
-8800929.963,4288452.381,93033,CHPD,OPEN CONTAINER OF MALT BEVERAGE,310 W FRANKLIN ST,CHAPEL HILL,NC,27516,2012/08/18 22:33:00+00,2012/08/18 22:32:00+00,2012/08/18 22:33:00+00,<Null>,HIGHWAY/ROAD/STREET  ETC.,N,<Null>,<Null>,<Null>,<Null>,35.911512,-79.060099,18582
-8800272.732,4288912.005,93080,CHPD,OPEN CONTAINER OF MALT BEVERAGE,150 E ROSEMARY ST,CHAPEL HILL,NC,27514,2012/08/20 17:16:00+00,2012/08/20 16:19:00+00,2012/08/20 16:20:00+00,<Null>,ENCLOSED PARKING/DECK,N,<Null>,<Null>,<Null>,<Null>,35.914856,-79.054195,18605
-8800772.223,4288678.754,93170,CHPD,OPEN CONTAINER,CHURCH ST @ W. ROSEMARY ST,CHAPEL HILL,NC,27514,2012/08/25 01:26:00+00,2012/08/25 00:39:00+00,2012/08/25 00:39:00+00,<Null>,HIGHWAY/ROAD/STREET  ETC.,N,<Null>,<Null>,<Null>,<Null>,35.913159,-79.058682,18837
-8800409.655,4288663.498,94267,CHPD,OPEN CONTAINER,100 E FRANKLIN ST,CHAPEL HILL,NC,27516,2012/10/18 02:11:00+00,2012/10/18 02:10:00+00,2012/10/18 02:11:00+00,<Null>,HIGHWAY/ROAD/STREET  ETC.,N,<Null>,<Null>,<Null>,<Null>,35.913048,-79.055425,19087
-8801366.335,4288404.138,94753,CHPD,OPEN CONTAINER CO 3-3,WEST ROSEMARY @ ROBERSON ST,CHAPEL HILL,NC,27516,2012/11/10 19:30:00+00,2012/11/10 19:30:00+00,2012/11/10 19:30:00+00,<Null>,HIGHWAY/ROAD/STREET  ETC.,<Null>,<Null>,<Null>,<Null>,<Null>,35.911161,-79.064019,19539
-8800449.063,4288678.754,96382,CHPD,OPEN CONTAINER,COLUMBIA ST@EAST FRANKLIN ST,CHAPEL HILL,NC,27514,2013/02/07 01:43:00+00,2013/02/07 01:43:00+00,2013/02/07 01:43:00+00,<Null>,HIGHWAY/ROAD/STREET  ETC.,<Null>,<Null>,<Null>,<Null>,<Null>,35.913159,-79.055779,21804
-8800708.103,4285801.402,97080,CHPD,OPEN CONTAINER IN VEHICLE,US 15-501,CHAPEL HILL,NC,27514,2013/03/12 22:15:00+00,2013/03/12 22:10:00+00,2013/03/12 22:14:00+00,<Null>,SERVICE/GAS STATION,<Null>,<Null>,<Null>,<Null>,<Null>,35.892222,-79.058106,22931
-8800259.374,4289115.158,98291,CHPD,OPEN CONTAINER,215 HENDERSON ST,CHAPEL HILL,NC,27514,2013/05/07 10:10:00+00,2013/05/07 10:10:00+00,2013/05/07 10:10:00+00,<Null>,HIGHWAY/ROAD/STREET  ETC.,N,<Null>,<Null>,<Null>,<Null>,35.916334,-79.054075,23065
-8800291.991,4291538.858,98083,CHPD,OPEN CONTAINER,980 MARTIN LUTHER KING JR BLVD,CHAPEL HILL,NC,27514,2013/04/27 08:37:00+00,2013/04/26 17:00:00+00,2013/04/26 17:00:00+00,<Null>,HIGHWAY/ROAD/STREET  ETC.,N,<Null>,<Null>,<Null>,<Null>,35.933965,-79.054368,23519
-8800596.895,4288790.774,98072,CHPD,OPEN CONTAINER,108 W ROSEMARY ST,CHAPEL HILL,NC,27516,2013/04/26 10:20:00+00,2013/04/26 10:19:00+00,2013/04/26 10:20:00+00,<Null>,HIGHWAY/ROAD/STREET  ETC.,N,<Null>,<Null>,<Null>,<Null>,35.913974,-79.057107,23542
-8800929.963,4288452.381,99875,CHPD,OPEN CONTAINER OF MALT BEVERAGE,310 W FRANKLIN ST,CHAPEL HILL,NC,27516,2013/07/25 23:36:00+00,2013/07/25 23:35:00+00,2013/07/25 23:36:00+00,<Null>,PARKING LOT/AREA,N,<Null>,<Null>,<Null>,<Null>,35.911512,-79.060099,24134
-8800929.963,4288452.381,99180,CHPD,OPEN CONTAINER,310 W FRANKLIN ST,CHAPEL HILL,NC,27516,2013/06/21 07:16:00+00,2013/06/21 07:10:00+00,2013/06/21 07:16:00+00,<Null>,HIGHWAY/ROAD/STREET  ETC.,N,<Null>,<Null>,<Null>,<Null>,35.911512,-79.060099,24288
-8800458.525,4288672.569,100048,CHPD,OPEN CONTAINER OF MALT BEVERAGE,100 S COLUMBIA ST,CHAPEL HILL,NC,27516,2013/08/02 21:08:00+00,2013/08/02 21:07:00+00,2013/08/02 21:08:00+00,<Null>,HIGHWAY/ROAD/STREET  ETC.,N,<Null>,<Null>,<Null>,<Null>,35.913114,-79.055864,24488
-8800516.522,4288826.099,100128,CHPD,OPEN CONTAINER,N COLUMBIA ST,CHAPEL HILL,NC,27514,2013/08/07 14:23:00+00,2013/08/07 14:22:00+00,2013/08/07 14:23:00+00,<Null>,SERVICE/GAS STATION,<Null>,<Null>,<Null>,<Null>,<Null>,35.914231,-79.056385,24614
-8800369.914,4288720.676,100126,CHPD,OPEN CONTAINER,121 E FRANKLIN ST,CHAPEL HILL,NC,27514,2013/08/07 14:55:00+00,2013/08/07 14:54:00+00,2013/08/07 14:55:00+00,<Null>,HIGHWAY/ROAD/STREET  ETC.,N,<Null>,<Null>,<Null>,<Null>,35.913464,-79.055068,24690
-8801241.991,4288302.842,99766,CHPD,POSSESS OPEN CONTAINER,450 W FRANKLIN ST,CHAPEL HILL,NC,27516,2013/07/20 01:46:00+00,2013/07/20 01:46:00+00,2013/07/20 01:46:00+00,<Null>,RESTAURANT,N,<Null>,<Null>,<Null>,<Null>,35.910424,-79.062902,24876
-8800441.159,4288788.85,100549,CHPD,OPEN CONTAINER,100  E ROSEMARY ST,CHAPEL HILL,NC,27516,2013/08/28 15:07:00+00,2013/08/28 15:06:00+00,2013/08/28 15:07:00+00,<Null>,PARKING LOT/AREA,N,<Null>,<Null>,<Null>,<Null>,35.91396,-79.055708,25062
-8800287.427,4288759.848,100727,CHPD,OPEN CONTAINER OF MALT BEVERAGE,143 E FRANKLIN ST,CHAPEL HILL,NC,27514,2013/09/04 22:33:00+00,2013/09/04 22:32:00+00,2013/09/04 22:33:00+00,<Null>,HIGHWAY/ROAD/STREET  ETC.,N,<Null>,<Null>,<Null>,<Null>,35.913749,-79.054327,25197
-8801275.498,4288282.501,100600,CHPD,OPEN CONTAINER,100 N ROBERSON ST/W FRANKLIN ST,CHAPEL HILL,NC,27516,2013/08/31 00:33:00+00,2013/08/30 23:55:00+00,2013/08/30 23:55:00+00,<Null>,HIGHWAY/ROAD/STREET  ETC.,N,<Null>,<Null>,<Null>,<Null>,35.910276,-79.063203,25338
-8800342.641,4288821.7,100728,CHPD,OPEN CONTAINER,137 E FRANKLIN ST,CHAPEL HILL,NC,27514,2013/09/05 01:14:00+00,2013/09/04 23:00:00+00,2013/09/04 23:00:00+00,<Null>,HIGHWAY/ROAD/STREET  ETC.,<Null>,<Null>,<Null>,<Null>,<Null>,35.914199,-79.054823,25443
-8800929.963,4288452.381,100257,CHPD,OPEN CONTAINER OF MALT BEVERAGE,310 W FRANKLIN ST,CHAPEL HILL,NC,27516,2013/08/13 18:32:00+00,2013/08/13 18:31:00+00,2013/08/13 18:32:00+00,<Null>,HIGHWAY/ROAD/STREET  ETC.,N,<Null>,<Null>,<Null>,<Null>,35.911512,-79.060099,25490
-8800904.916,4288695.935,101231,CHPD,OPEN CONTAINER,308 WEST ROSEMARY ST,CHAPEL HILL,NC,27514,2013/09/28 16:20:00+00,2013/09/28 16:19:00+00,2013/09/28 16:20:00+00,<Null>,HIGHWAY/ROAD/STREET  ETC.,<Null>,<Null>,<Null>,<Null>,<Null>,35.913284,-79.059874,26381
-8800148.834,4288825.686,101701,CHPD,OPEN CONTAINER OF MALT BEVERAGE,175 E FRANKLIN ST,CHAPEL HILL,NC,27514,2013/10/19 23:19:00+00,2013/10/19 21:38:00+00,2013/10/19 21:39:00+00,<Null>,HIGHWAY/ROAD/STREET  ETC.,N,<Null>,<Null>,<Null>,<Null>,35.914228,-79.053082,26696
-8800253.919,4288767.408,102817,CHPD,OPEN CONTAINER OF MALT BEVERAGE,150 E FRANKLIN ST,CHAPEL HILL,NC,27514,2013/12/21 22:10:00+00,2013/12/21 22:09:00+00,2013/12/21 22:10:00+00,<Null>,HIGHWAY/ROAD/STREET  ETC.,N,<Null>,<Null>,<Null>,<Null>,35.913804,-79.054026,27561
-8801134.011,4288734.008,103896,CHPD,OPEN CONTAINER OF MALT BEVERAGE,214 NUNN LN,CHAPEL HILL,NC,27516,2014/02/25 00:47:00+00,2014/02/25 00:46:00+00,2014/02/25 00:47:00+00,<Null>,BEHIND BUILDING/ALLEY,N,<Null>,<Null>,<Null>,<Null>,35.913561,-79.061932,28873
-8800694.633,4288563.986,104071,CHPD,OPEN CONTAINER IN PVA,140 W FRANKLIN ST,CHAPEL HILL,NC,27516,2014/03/08 15:50:00+00,2014/03/08 04:00:00+00,2014/03/08 04:00:00+00,<Null>,ENCLOSED PARKING/DECK,N,<Null>,<Null>,<Null>,<Null>,35.912324,-79.057985,28921
-8800209.392,4288819.501,104906,CHPD,OPEN CONTAINER,165 E FRANKLIN ST,CHAPEL HILL,NC,27514,2014/04/19 03:28:00+00,2014/04/19 02:00:00+00,2014/04/19 03:28:00+00,<Null>,HIGHWAY/ROAD/STREET  ETC.,N,<Null>,<Null>,<Null>,<Null>,35.914183,-79.053626,29227
-8800355.22,4288727.685,104820,CHPD,OPEN CONTAINER MALT BEVERAGE,125 E FRANKLIN ST,CHAPEL HILL,NC,27514,2014/04/15 01:55:00+00,2014/04/14 19:38:00+00,2014/04/15 01:55:00+00,<Null>,HIGHWAY/ROAD/STREET  ETC.,N,<Null>,<Null>,<Null>,<Null>,35.913515,-79.054936,29390
-8800950.779,4288597.523,104545,CHPD,POSSSESSION OF AN OPEN CONTAINER,316 W ROSEMARY ST,CHAPEL HILL,NC,27516,2014/04/02 02:20:00+00,2014/04/02 02:19:00+00,2014/04/02 02:20:00+00,<Null>,OTHER RETAIL ESTABLISHMENT,N,<Null>,<Null>,<Null>,<Null>,35.912568,-79.060286,29594
-8798258.518,4286652.695,104950,CHPD,OPEN CONTAINER,FORDHAM BLVD @ MANNING DR,CHAPEL HILL,NC,27514,2014/04/21 18:54:00+00,2014/04/21 18:53:00+00,2014/04/21 18:53:00+00,<Null>,HIGHWAY/ROAD/STREET  ETC.,N,<Null>,<Null>,<Null>,<Null>,35.898417,-79.036101,29617
-8800322.715,4288761.498,104721,CHPD,POSSESS OPEN CONTAINER,135 E FRANKLIN ST,CHAPEL HILL,NC,27514,2014/04/10 23:57:00+00,2014/04/10 23:56:00+00,2014/04/10 23:57:00+00,<Null>,HIGHWAY/ROAD/STREET  ETC.,N,<Null>,<Null>,<Null>,<Null>,35.913761,-79.054644,29827
-8798454.663,4290281.232,105240,CHPD,OPEN CONTAINER,E FRANKLIN ST,CHAPEL HILL,NC,27514,2014/05/03 20:11:00+00,2014/05/03 20:10:00+00,2014/05/03 20:11:00+00,<Null>,SERVICE/GAS STATION,<Null>,<Null>,<Null>,<Null>,<Null>,35.924817,-79.037863,29975
-8800409.655,4288663.498,105468,CHPD,OPEN CONTAINER,100 EAST FRANKLIN ST,CHAPEL HILL,NC,27514,2014/05/13 21:27:00+00,2014/05/13 20:00:00+00,2014/05/13 21:27:00+00,<Null>,HIGHWAY/ROAD/STREET  ETC.,N,<Null>,<Null>,<Null>,<Null>,35.913048,-79.055425,30178
-8800363.013,4288715.59,105475,CHPD,OPEN CONTAINER,122 E FRANKLIN ST,CHAPEL HILL,NC,27514,2014/05/14 01:14:00+00,2014/05/14 00:39:00+00,2014/05/14 00:40:00+00,<Null>,HIGHWAY/ROAD/STREET  ETC.,N,<Null>,<Null>,<Null>,<Null>,35.913427,-79.055006,30435
-8801344.294,4288259.136,105758,CHPD,POSSESS OPEN CONTAINER IN VEHICLE,558 W FRANKLIN ST,CHAPEL HILL,NC,27514,2014/05/27 08:34:00+00,2014/05/26 16:00:00+00,2014/05/26 16:13:00+00,<Null>,HIGHWAY/ROAD/STREET  ETC.,N,<Null>,<Null>,<Null>,<Null>,35.910106,-79.063821,30446
-8800270.061,4288768.095,106258,CHPD,OPEN CONTAINER OF MALT BEVERAGE,147 E FRANKLIN ST,CHAPEL HILL,NC,27514,2014/06/21 01:30:00+00,2014/06/21 01:30:00+00,2014/06/21 01:30:00+00,<Null>,HIGHWAY/ROAD/STREET  ETC.,N,<Null>,<Null>,<Null>,<Null>,35.913809,-79.054171,30643
-8796246.974,4292440.924,106391,CHPD,OPEN CONTAINER IN PASSENGER AREA,EUROPA DR,CHAPEL HILL,NC,27514,2014/06/27 23:37:00+00,2014/06/27 23:36:00+00,2014/06/27 23:37:00+00,<Null>,SERVICE/GAS STATION,<Null>,<Null>,<Null>,<Null>,<Null>,35.940526,-79.018031,30866
-8800370.36,4288712.154,106277,CHPD,OPEN CONTAINER IN VEHICLE,120 E FRANKLIN ST,CHAPEL HILL,NC,27514,2014/06/22 00:26:00+00,2014/06/22 00:25:00+00,2014/06/22 00:26:00+00,<Null>,HIGHWAY/ROAD/STREET  ETC.,N,<Null>,<Null>,<Null>,<Null>,35.913402,-79.055072,30919
-8801042.618,4288550.379,106842,CHPD,POSSESSION OF OPEN CONTAINER,W ROSEMARY ST,CHAPEL HILL,NC,27516,2014/07/20 00:53:00+00,2014/07/20 00:52:00+00,2014/07/20 00:53:00+00,<Null>,SERVICE/GAS STATION,<Null>,<Null>,<Null>,<Null>,<Null>,35.912225,-79.061111,31293
-8800204.828,4289001.485,106839,CHPD,POSSESSION OF OPEN CONTAINER,HENDERSON ST,CHAPEL HILL,NC,27516,2014/07/20 01:35:00+00,2014/07/20 01:34:00+00,2014/07/20 01:35:00+00,<Null>,SERVICE/GAS STATION,<Null>,NONE,<Null>,<Null>,<Null>,35.915507,-79.053585,31295
-8795050.513,4293365.204,106875,CHPD,POSSESS OPEN CONTAINER IN A VEHICLE,FORDHAM BLVD/CHAPEL HILL BLVD,CHAPEL HILL,NC,27514,2014/07/21 19:36:00+00,2014/07/21 19:35:00+00,2014/07/21 19:36:00+00,<Null>,HIGHWAY/ROAD/STREET  ETC.,N,<Null>,<Null>,<Null>,<Null>,35.947248,-79.007283,31566
-8800218.075,4288792.836,106938,CHPD,OPEN CONTAINER OF MALT BEVERAGE,159 E FRANKLIN ST,CHAPEL HILL,NC,27514,2014/07/24 22:01:00+00,2014/07/24 22:00:00+00,2014/07/24 22:01:00+00,<Null>,HIGHWAY/ROAD/STREET  ETC.,N,<Null>,<Null>,<Null>,<Null>,35.913989,-79.053704,31582
-8800929.963,4288452.381,107294,CHPD,OPEN CONTAINER OF MALT BEVERAGE,310 W FRANKLIN ST,CHAPEL HILL,NC,27516,2014/08/12 19:58:00+00,2014/08/12 19:57:00+00,2014/08/12 19:58:00+00,<Null>,HIGHWAY/ROAD/STREET  ETC.,N,<Null>,<Null>,<Null>,<Null>,35.911512,-79.060099,31669
-8801042.618,4288550.379,106524,CHPD,POSSESSION OF OPEN CONTAINER,W ROSEMARY ST,CHAPEL HILL,NC,27516,2014/07/04 14:47:00+00,2014/07/04 14:47:00+00,2014/07/04 14:47:00+00,<Null>,HIGHWAY/ROAD/ALLEY/STREET/SIDEWALK,<Null>,<Null>,<Null>,<Null>,<Null>,35.912225,-79.061111,31807
-8800191.358,4288691.812,108308,CHPD,OPEN CONTAINER OF MALT BEVERAGE,150 E FRANKLIN ST,CHAPEL HILL,NC,27514,2014/09/26 22:20:00+00,2014/09/26 22:19:00+00,2014/09/26 22:20:00+00,<Null>,HIGHWAY/ROAD/STREET  ETC.,N,<Null>,<Null>,<Null>,<Null>,35.913254,-79.053464,32370
-8800443.051,4288675.73,108446,CHPD,OPEN CONTAINER OF MALT BEVERAGE,100 E FRANKLIN ST,CHAPEL HILL,NC,27514,2014/10/03 01:15:00+00,2014/10/03 01:15:00+00,2014/10/03 01:15:00+00,<Null>,HIGHWAY/ROAD/STREET  ETC.,N,<Null>,<Null>,<Null>,<Null>,35.913137,-79.055725,32782
-8801132.119,4288719.439,108929,CHPD,OPEN CONTAINER,NUNN LANE,CHAPEL HILL,NC,27514,2014/10/26 16:19:00+00,2014/10/26 15:45:00+00,2014/10/26 15:45:00+00,<Null>,HIGHWAY/ROAD/ALLEY/STREET/SIDEWALK,<Null>,<Null>,<Null>,<Null>,<Null>,35.913455,-79.061915,33622
-8801132.119,4288719.439,108558,CHPD,OPEN CONTAINER OF MALT BEVERAGE,NUNN LN,CHAPEL HILL,NC,27516,2014/10/07 13:14:00+00,2014/10/07 13:00:00+00,2014/10/07 13:12:00+00,<Null>,HIGHWAY/ROAD/ALLEY/STREET/SIDEWALK,<Null>,<Null>,<Null>,<Null>,<Null>,35.913455,-79.061915,33660
-8801225.182,4288424.892,110505,CHPD,ALCOHOL VIOLATIONS/ OPEN CONTAINER,407 W ROSEMARY ST,CHAPEL HILL,NC,27516,2015/01/17 15:00:00+00,2015/01/17 15:00:00+00,2015/01/17 15:00:00+00,<Null>,ALL OTHER,<Null>,<Null>,<Null>,<Null>,<Null>,35.911312,-79.062751,34821
-8800580.642,4288675.593,110872,CHPD,OPEN CONTAINER,120 W FRANKLIN ST,CHAPEL HILL,NC,27514,2015/02/04 09:29:00+00,2015/02/04 09:07:00+00,2015/02/04 09:07:00+00,<Null>,HIGHWAY/ROAD/STREET  ETC.,N,<Null>,<Null>,<Null>,<Null>,35.913136,-79.056961,35744
-8800228.427,4288941.556,111957,CHPD,OPEN CONTAINER,157 E ROSEMARY ST,CHAPEL HILL,NC,27514,2015/04/03 00:49:00+00,2015/04/03 00:48:00+00,2015/04/03 00:49:00+00,<Null>,HIGHWAY/ROAD/STREET  ETC.,N,<Null>,<Null>,<Null>,<Null>,35.915071,-79.053797,36066
-8801018.239,4288401.664,111616,CHPD,OPEN CONTAINER OF MALT BEVERAGE,409 W FRANKLIN ST,CHAPEL HILL,NC,27516,2015/03/17 19:19:00+00,2015/03/17 19:18:00+00,2015/03/17 19:19:00+00,<Null>,PARKING LOT/AREA,N,<Null>,<Null>,<Null>,<Null>,35.911143,-79.060892,36140
-8799556.392,4291701.227,111549,CHPD,OPEN CONTAINER OF MALT BEVERAGE,CASWELL RD @ ESTES DR,CHAPEL HILL,NC,27514,2015/03/14 21:13:00+00,2015/03/14 21:13:00+00,2015/03/14 21:13:00+00,<Null>,HIGHWAY/ROAD/STREET  ETC.,<Null>,<Null>,<Null>,<Null>,<Null>,35.935146,-79.04776,36202
-8800977.496,4288531.412,112137,CHPD,OPEN CONTAINER,325 W ROSEMARY ST,CHAPEL HILL,NC,27516,2015/04/10 19:28:00+00,2015/04/10 19:27:00+00,2015/04/10 19:28:00+00,<Null>,BEHIND BUILDING/ALLEY,N,<Null>,<Null>,<Null>,<Null>,35.912087,-79.060526,36255
-8800131.468,4288833.933,111792,CHPD,OPEN CONTAINER OF MALT BEVERAGE,179 E FRANKLIN ST,CHAPEL HILL,NC,27514,2015/03/26 19:58:00+00,2015/03/26 19:58:00+00,2015/03/26 19:58:00+00,<Null>,HIGHWAY/ROAD/STREET  ETC.,N,<Null>,<Null>,<Null>,<Null>,35.914288,-79.052926,36378
-8800253.919,4288767.408,111791,CHPD,OPEN CONTAINER OF MALT BEVERAGE,150 E FRANKLIN ST,CHAPEL HILL,NC,27514,2015/03/26 20:59:00+00,2015/03/26 20:59:00+00,2015/03/26 20:59:00+00,<Null>,HIGHWAY/ROAD/STREET  ETC.,<Null>,<Null>,<Null>,<Null>,<Null>,35.913804,-79.054026,36424
-8800929.963,4288452.381,111800,CHPD,OPEN CONTAINER OF MALT BEVERAGE,310 W FRANKLIN ST,CHAPEL HILL,NC,27516,2015/03/26 22:17:00+00,2015/03/26 22:16:00+00,2015/03/26 22:17:00+00,<Null>,HIGHWAY/ROAD/STREET  ETC.,N,<Null>,<Null>,<Null>,<Null>,35.911512,-79.060099,36451
-8800903.803,4288465.301,112037,CHPD,OPEN CONTAINER OF MALT BEVERAGE,306 W FRANKLIN ST,CHAPEL HILL,NC,27516,2015/04/06 13:02:00+00,2015/04/06 13:01:00+00,2015/04/06 13:02:00+00,<Null>,HIGHWAY/ROAD/STREET  ETC.,N,<Null>,<Null>,<Null>,<Null>,35.911606,-79.059864,36786
-8800272.732,4288911.867,111948,CHPD,OPEN CONTAINER,150 E ROSEMARY ST,CHAPEL HILL,NC,27514,2015/04/02 02:08:00+00,2015/04/02 02:07:00+00,2015/04/02 02:08:00+00,<Null>,HIGHWAY/ROAD/STREET  ETC.,N,<Null>,<Null>,<Null>,<Null>,35.914855,-79.054195,36917
-8801279.729,4288280.439,112638,CHPD,OPEN CONTAINER OF ALCOHOL,N ROBERSON ST @ W FRANKLIN ST,CHAPEL HILL,NC,27514,2015/05/02 12:20:00+00,2015/05/02 12:19:00+00,2015/05/02 12:19:00+00,<Null>,HIGHWAY/ROAD/STREET  ETC.,N,<Null>,<Null>,<Null>,<Null>,35.910261,-79.063241,37205
-8801262.029,4288470.798,112692,CHPD,OPEN CONTAINER,406 W ROSEMARY ST,CHAPEL HILL,NC,27514,2015/05/04 08:20:00+00,2015/05/04 08:19:00+00,2015/05/04 08:20:00+00,<Null>,HIGHWAY/ROAD/STREET  ETC.,N,<Null>,<Null>,<Null>,<Null>,35.911646,-79.063082,37215
-8800456.855,4288677.655,113129,CHPD,OPEN CONTAINER,W FRANKLIN ST @ COLUMBIA ST,CHAPEL HILL,NC,27516,2015/05/23 10:30:00+00,2015/05/23 10:30:00+00,2015/05/23 10:30:00+00,<Null>,HIGHWAY/ROAD/STREET  ETC.,N,<Null>,<Null>,<Null>,<Null>,35.913151,-79.055849,37536
-8800413.886,4288699.234,113002,CHPD,OPEN CONTAINER,109 E FRANKLIN ST,CHAPEL HILL,NC,27514,2015/05/16 21:31:00+00,2015/05/16 02:31:00+00,2015/05/16 02:31:00+00,<Null>,PARKING LOT/AREA,N,<Null>,<Null>,<Null>,<Null>,35.913308,-79.055463,37540
-8797607.521,4291576.391,113445,CHPD,OPEN CONTAINER ON TOWN PROPERTY,1615 E FRANKLIN ST,CHAPEL HILL,NC,27514,2015/06/06 12:51:00+00,2015/06/06 12:50:00+00,2015/06/06 12:51:00+00,<Null>,GOVERNMENT/PUBLIC BUILDING,N,<Null>,<Null>,<Null>,<Null>,35.934238,-79.030253,37671
-8800468.655,4288672.019,113260,CHPD,OPEN CONTAINER,102 W FRANKLIN ST,CHAPEL HILL,NC,27516,2015/05/29 19:53:00+00,2015/05/29 19:52:00+00,2015/05/29 19:53:00+00,<Null>,HIGHWAY/ROAD/STREET  ETC.,N,<Null>,<Null>,<Null>,<Null>,35.91311,-79.055955,37909
-8800279.857,4288755.038,114407,CHPD,OPEN CONTAINER,144 E FRANKLIN ST,CHAPEL HILL,NC,27514,2015/07/19 01:18:00+00,2015/07/19 01:18:00+00,2015/07/19 01:18:00+00,MISC OFFICER IN,HIGHWAY/ROAD/STREET  ETC.,N,<Null>,<Null>,<Null>,<Null>,35.913714,-79.054259,38025
-8801304.887,4288264.359,113994,CHPD,OPEN CONTAINER,505 W FRANKLIN ST,CHAPEL HILL,NC,27516,2015/06/29 16:07:00+00,2015/06/29 16:07:00+00,2015/06/29 16:07:00+00,<Null>,HIGHWAY/ROAD/STREET  ETC.,N,<Null>,<Null>,<Null>,<Null>,35.910144,-79.063467,38133
-8801018.239,4288401.664,114104,CHPD,OPEN CONTAINER,409 W FRANKLIN ST,CHAPEL HILL,NC,27516,2015/07/04 17:31:00+00,2015/07/04 17:31:00+00,2015/07/04 17:31:00+00,MISC OFFICER IN,HIGHWAY/ROAD/STREET  ETC.,N,<Null>,<Null>,<Null>,<Null>,35.911143,-79.060892,38316
-8801090.485,4288522.065,113771,CHPD,OPEN CONTAINER OF MALT BEVERAGE,333 W ROSEMARY ST,CHAPEL HILL,NC,27516,2015/06/19 21:01:00+00,2015/06/19 21:00:00+00,2015/06/19 21:01:00+00,<Null>,HIGHWAY/ROAD/STREET  ETC.,N,<Null>,<Null>,<Null>,<Null>,35.912019,-79.061541,38669
-8800261.489,4288772.219,114364,CHPD,OPEN CONTAINER OF MALT BEVERAGE,149 E FRANKLIN ST,CHAPEL HILL,NC,27514,2015/07/17 02:14:00+00,2015/07/17 02:14:00+00,2015/07/17 02:14:00+00,MISC OFFICER IN,HIGHWAY/ROAD/STREET  ETC.,N,<Null>,<Null>,<Null>,<Null>,35.913839,-79.054094,38790
-8800978.609,4288575.944,115087,CHPD,OPEN CONTAINER,321 W ROSEMARY ST,CHAPEL HILL,NC,27516,2015/08/18 22:29:00+00,2015/08/18 22:28:00+00,2015/08/18 22:28:00+00,MISC OFFICER IN,PARKING LOT/AREA,N,<Null>,<Null>,<Null>,<Null>,35.912411,-79.060536,39097
-8800341.639,4288458.703,115134,CHPD,OPEN CONTAINER OF MALT BEVERAGE,FRATERNITY CT/S COLUMBIA ST,CHAPEL HILL,NC,27516,2015/08/20 23:55:00+00,2015/08/20 23:55:00+00,2015/08/20 23:55:00+00,MISC OFFICER IN,HIGHWAY/ROAD/STREET  ETC.,<Null>,<Null>,<Null>,<Null>,<Null>,35.911558,-79.054814,39262
-8796922.684,4290219.785,114862,CHPD,OPEN CONTAINER,350 S ESTES DR,CHAPEL HILL,NC,27514,2015/08/08 00:07:00+00,2015/08/08 00:06:00+00,2015/08/08 00:07:00+00,<Null>,BEHIND BUILDING/ALLEY,N,<Null>,<Null>,<Null>,<Null>,35.92437,-79.024101,39332
-8800279.857,4288755.038,114882,CHPD,OPEN CONTAINER,144 E FRANKLIN ST,CHAPEL HILL,NC,27514,2015/08/09 22:13:00+00,2015/08/09 22:12:00+00,2015/08/09 22:12:00+00,MISC OFFICER IN,HIGHWAY/ROAD/STREET  ETC.,N,<Null>,<Null>,<Null>,<Null>,35.913714,-79.054259,39837
-8800929.963,4288452.381,116150,CHPD,OPEN CONTAINER OF MALT BEVERAGE,310 W FRANKLIN ST,CHAPEL HILL,NC,27516,2015/09/03 21:10:00+00,2015/09/03 21:09:00+00,2015/09/03 21:10:00+00,MISC OFFICER IN,HIGHWAY/ROAD/STREET  ETC.,N,<Null>,<Null>,<Null>,<Null>,35.911512,-79.060099,39853
-8800903.803,4288465.301,116302,CHPD,OPEN CONTAINER,306 W FRANKLIN ST,CHAPEL HILL,NC,27516,2015/09/07 08:52:00+00,2015/09/07 08:52:00+00,2015/09/07 08:52:00+00,MISC OFFICER IN,PARKING LOT/AREA,N,<Null>,<Null>,<Null>,<Null>,35.911606,-79.059864,39999
-8800279.857,4288755.038,117881,CHPD,OPEN CONTAINER,144 E FRANKLIN ST,CHAPEL HILL,NC,27514,2015/10/12 19:30:00+00,2015/10/12 19:29:00+00,2015/10/12 19:29:00+00,LE ASSISTANCE,HIGHWAY/ROAD/STREET  ETC.,N,<Null>,<Null>,<Null>,<Null>,35.913714,-79.054259,40053
-8800679.049,4287835.96,117166,CHPD,OPEN CONTAINER,238 MCCAULEY ST/RANSOM ST,CHAPEL HILL,NC,27516,2015/09/26 12:21:00+00,2015/09/26 12:21:00+00,2015/09/26 12:21:00+00,MISC OFFICER IN,HIGHWAY/ROAD/STREET  ETC.,N,<Null>,<Null>,<Null>,<Null>,35.907027,-79.057845,40333
-8800261.489,4288772.219,116427,CHPD,OPEN CONTAINER OF MALT BEVERAGE,149 E FRANKLIN ST,CHAPEL HILL,NC,27514,2015/09/09 20:41:00+00,2015/09/09 20:41:00+00,2015/09/09 20:41:00+00,MISC OFFICER IN,HIGHWAY/ROAD/STREET  ETC.,<Null>,<Null>,<Null>,<Null>,<Null>,35.913839,-79.054094,40528
-8800933.191,4288442.347,117124,CHPD,OPEN CONTAINER,311 W FRANKLIN ST,CHAPEL HILL,NC,27516,2015/09/25 20:36:00+00,2015/09/25 20:35:00+00,2015/09/25 20:35:00+00,MISC OFFICER IN,HIGHWAY/ROAD/STREET  ETC.,<Null>,<Null>,<Null>,<Null>,<Null>,35.911439,-79.060128,40544
-8800305.906,4288742.667,116975,CHPD,OPEN CONTAINER OF MALT BEVERAGE,138 E FRANKLIN ST,CHAPEL HILL,NC,27514,2015/09/21 21:43:00+00,2015/09/21 21:43:00+00,2015/09/21 21:43:00+00,MISC OFFICER IN,HIGHWAY/ROAD/STREET  ETC.,<Null>,<Null>,<Null>,<Null>,<Null>,35.913624,-79.054493,40705
-8800377.15,4288708.993,116347,CHPD,OPEN CONTAINER OF MALT BEVERAGE,118 E FRANKLIN ST,CHAPEL HILL,NC,27514,2015/09/07 23:52:00+00,2015/09/07 23:52:00+00,2015/09/07 23:52:00+00,MISC OFFICER IN,HIGHWAY/ROAD/STREET  ETC.,N,<Null>,<Null>,<Null>,<Null>,35.913379,-79.055133,40823
-8800443.051,4288675.73,116346,CHPD,OPEN CONTAINER OF MALT BEVERAGE,100 E FRANKLIN ST,CHAPEL HILL,NC,27514,2015/09/07 23:35:00+00,2015/09/07 23:35:00+00,2015/09/07 23:35:00+00,MISC OFFICER IN,HIGHWAY/ROAD/STREET  ETC.,N,<Null>,<Null>,<Null>,<Null>,35.913137,-79.055725,40964
-8800253.919,4288767.408,118948,CHPD,OPEN CONTAINER,150 E FRANKLIN ST,CHAPEL HILL,NC,27514,2015/11/07 11:01:00+00,2015/11/07 11:01:00+00,2015/11/07 11:01:00+00,MISC OFFICER IN,HIGHWAY/ROAD/STREET  ETC.,N,<Null>,<Null>,<Null>,<Null>,35.913804,-79.054026,41388
-8800929.963,4288452.381,118474,CHPD,OPEN CONTAINER,310 W FRANKLIN ST,CHAPEL HILL,NC,27516,2015/10/26 23:54:00+00,2015/10/26 23:53:00+00,2015/10/26 23:53:00+00,MISC OFFICER IN,PARKING LOT/AREA,N,<Null>,<Null>,<Null>,<Null>,35.911512,-79.060099,41800
-8800941.429,4289049.593,121957,CHPD,OPEN CONTAINER OF MALT BEVERAGE,416 CHURCH ST/MCDADE ST,CHAPEL HILL,NC,27516,2016/01/16 22:39:00+00,2016/01/16 22:39:00+00,2016/01/16 22:39:00+00,MISC OFFICER IN,HIGHWAY/ROAD/STREET  ETC.,N,<Null>,<Null>,<Null>,<Null>,35.915857,-79.060202,42020
-8800575.633,4288620.889,122241,CHPD,OPEN CONTAINER,120 W FRANKLIN ST,CHAPEL HILL,NC,27516,2016/01/25 12:21:00+00,2016/01/25 12:21:00+00,2016/01/25 12:21:00+00,DISTURBANCE/NUI,PARKING LOT/AREA,N,<Null>,<Null>,<Null>,<Null>,35.912738,-79.056916,42128
-8800272.732,4288912.005,120383,CHPD,OPEN CONTAINER OF MALT BEVERAGE,150 E ROSEMARY ST,CHAPEL HILL,NC,27514,2015/12/09 20:46:00+00,2015/12/09 20:46:00+00,2015/12/09 20:46:00+00,SUSPICIOUS/WANT,BEHIND BUILDING/ALLEY,N,<Null>,<Null>,<Null>,<Null>,35.914856,-79.054195,42522
-8800498.822,4288808.368,121122,CHPD,OPEN CONTAINER,N COLUMBIA ST/E ROSEMARY ST,CHAPEL HILL,NC,27514,2015/12/31 03:42:00+00,2015/12/31 03:41:00+00,2015/12/31 03:41:00+00,MISC OFFICER IN,HIGHWAY/ROAD/STREET  ETC.,N,<Null>,<Null>,<Null>,<Null>,35.914102,-79.056226,42658
-8800395.963,4288637.932,120518,CHPD,OPEN CONTAINER,100.  E FRANKLIN ST,CHAPEL HILL,NC,27514,2015/12/13 02:21:00+00,2015/12/13 02:20:00+00,2015/12/13 02:20:00+00,MISC OFFICER IN,HIGHWAY/ROAD/STREET  ETC.,N,<Null>,<Null>,<Null>,<Null>,35.912862,-79.055302,42948
-8800611.366,4288603.846,124664,CHPD,OPEN CONTAINER,126 W FRANKLIN ST,CHAPEL HILL,NC,27516,2016/03/10 21:41:00+00,2016/03/10 21:40:00+00,2016/03/10 21:41:00+00,MISC OFFICER IN,HIGHWAY/ROAD/STREET  ETC.,N,<Null>,<Null>,<Null>,<Null>,35.912614,-79.057237,43338
-8800982.172,4288427.229,125024,CHPD,OPEN CONTAINER OF MALT BEVERAGE,318 W FRANKLIN ST,CHAPEL HILL,NC,27516,2016/03/17 22:03:00+00,2016/03/17 22:03:00+00,2016/03/17 22:03:00+00,MISC OFFICER IN,HIGHWAY/ROAD/STREET  ETC.,<Null>,<Null>,<Null>,<Null>,<Null>,35.911329,-79.060568,44290
-8800297.223,4288746.791,126378,CHPD,OPEN CONTAINER OF MALT BEVERAGE,140 E FRANKLIN ST,CHAPEL HILL,NC,27514,2016/04/14 19:55:00+00,2016/04/14 19:55:00+00,2016/04/14 19:55:00+00,MISC OFFICER IN,HIGHWAY/ROAD/STREET  ETC.,N,<Null>,<Null>,<Null>,<Null>,35.913654,-79.054415,44855
-8800483.572,4288607.007,126826,CHPD,OPEN CONTAINER OF MALT BEVERAGE,100  N COLUMBIA ST,CHAPEL HILL,NC,27514,2016/04/23 17:56:00+00,2016/04/23 17:55:00+00,2016/04/23 17:56:00+00,MISC OFFICER IN,HIGHWAY/ROAD/STREET  ETC.,N,<Null>,<Null>,<Null>,<Null>,35.912637,-79.056089,45117
-8800735.042,4288491.827,126774,CHPD,OPEN CONTAINER OF MALT BEVERAGE,179 LOT 2,CHAPEL HILL,NC,27514,2016/04/22 19:45:00+00,2016/04/22 19:44:00+00,2016/04/22 19:45:00+00,MISC OFFICER IN,PARKING LOT/AREA,N,<Null>,<Null>,<Null>,<Null>,35.911799,-79.058348,45172
-8800929.963,4288452.381,127749,CHPD,OPEN CONTAINER,310 W FRANKLIN ST,CHAPEL HILL,NC,27516,2016/05/12 01:46:00+00,2016/05/12 01:46:00+00,2016/05/12 01:46:00+00,MISC OFFICER IN,HIGHWAY/ROAD/STREET  ETC.,N,<Null>,<Null>,<Null>,<Null>,35.911512,-79.060099,45215
-8800413.774,4288690.712,127620,CHPD,OPEN CONTAINER,108 E FRANKLIN ST,CHAPEL HILL,NC,27514,2016/05/09 11:48:00+00,2016/05/09 11:48:00+00,2016/05/09 11:48:00+00,MISC OFFICER IN,HIGHWAY/ROAD/STREET  ETC.,N,<Null>,<Null>,<Null>,<Null>,35.913246,-79.055462,45660
-8801090.485,4288522.065,127845,CHPD,OPEN CONTAINER OF MALT BEVERAGE,333 W ROSEMARY ST,CHAPEL HILL,NC,27516,2016/05/14 14:01:00+00,2016/05/14 14:01:00+00,2016/05/14 14:01:00+00,MISC OFFICER IN,BEHIND BUILDING/ALLEY,N,<Null>,<Null>,<Null>,<Null>,35.912019,-79.061541,45715
-8800483.572,4288607.007,127847,CHPD,OPEN CONTAINER OF MALT BEVERAGE,100  N. COLUMBIA ST,CHAPEL HILL,<Null>,27514,2016/05/14 14:57:00+00,2016/05/14 14:57:00+00,2016/05/14 14:57:00+00,MISC OFFICER IN,HIGHWAY/ROAD/STREET  ETC.,N,<Null>,<Null>,<Null>,<Null>,35.912637,-79.056089,45747
-8800441.27,4288680.678,126952,CHPD,OPEN CONTAINER OF MALT BEVERAGE,100 N COLUMBIA ST/E FRANKLIN ST,CHAPEL HILL,NC,27514,2016/04/25 17:42:00+00,2016/04/25 17:42:00+00,2016/04/25 17:42:00+00,MISC OFFICER IN,AIR/BUS/TRAIN TERMINAL,<Null>,<Null>,<Null>,<Null>,<Null>,35.913173,-79.055709,45867
-8800998.647,4288501.861,130232,CHPD,OPEN CONTAINER,310 W FRANKLIN ST,CHAPEL HILL,NC,27516,2016/07/07 14:56:00+00,2016/07/07 14:56:00+00,2016/07/07 14:56:00+00,MISC OFFICER IN,HIGHWAY/ROAD/STREET  ETC.,N,<Null>,<Null>,<Null>,<Null>,35.911872,-79.060716,46039
-8800888.441,4289578.521,128782,CHPD,OPEN CONTAINER,100 E LONGVIEW ST,CHAPEL HILL,NC,27516,2016/06/05 12:55:00+00,2016/06/05 12:55:00+00,2016/06/05 12:55:00+00,MISC OFFICER IN,HIGHWAY/ROAD/STREET  ETC.,N,<Null>,<Null>,<Null>,<Null>,35.919705,-79.059726,46309
-8800929.963,4288452.381,128770,CHPD,OPEN CONTAINER,310 W FRANKLIN ST,CHAPEL HILL,NC,27516,2016/06/05 03:01:00+00,2016/06/05 02:44:00+00,2016/06/05 02:44:00+00,MISC OFFICER IN,HIGHWAY/ROAD/STREET  ETC.,<Null>,<Null>,<Null>,<Null>,<Null>,35.911512,-79.060099,46376
-8800131.468,4288833.933,130880,CHPD,OPEN CONTAINER VIOLATION,179 E FRANKLIN ST,CHAPEL HILL,NC,27514,2016/07/22 13:14:00+00,2016/07/22 13:14:00+00,2016/07/22 13:14:00+00,MISC OFFICER IN,BEHIND BUILDING/ALLEY,N,<Null>,<Null>,<Null>,<Null>,35.914288,-79.052926,47366
-8800694.633,4288563.986,131004,CHPD,OPEN CONTAINER IN THE PASSENGER AREA OF A MOTOR VEHICLE,140 W FRANKLIN ST,CHAPEL HILL,NC,27516,2016/07/25 20:23:00+00,2016/07/25 20:23:00+00,2016/07/25 20:23:00+00,TRAFFIC VIOLATI,PARKING LOT/AREA,<Null>,<Null>,<Null>,<Null>,<Null>,35.912324,-79.057985,47389
-8800929.963,4288452.381,131962,CHPD,OPEN CONTAINER,310 W FRANKLIN ST,CHAPEL HILL,NC,27516,2016/08/15 19:04:00+00,2016/08/15 19:04:00+00,2016/08/15 19:04:00+00,MISC OFFICER IN,HIGHWAY/ROAD/STREET  ETC.,N,<Null>,<Null>,<Null>,<Null>,35.911512,-79.060099,47566
-8800815.972,4295964.938,131055,CHPD,OPEN CONTAINER AT BUS STOP,1800 MARTIN LUTHER KING JR BLVD,CHAPEL HILL,NC,27514,2016/07/26 21:06:00+00,2016/07/26 20:46:00+00,2016/07/26 20:46:00+00,MISC OFFICER IN,AIR/BUS/TRAIN TERMINAL,<Null>,<Null>,<Null>,<Null>,<Null>,35.966152,-79.059075,47791
-8801019.464,4288556.289,133354,CHPD,OPEN CONTAINER OF MALT BEVERAGE,325 W ROSEMARY ST,CHAPEL HILL,NC,27516,2016/09/15 20:40:00+00,2016/09/15 20:00:00+00,2016/09/15 20:25:00+00,MISC OFFICER IN,BEHIND BUILDING/ALLEY,<Null>,<Null>,<Null>,<Null>,<Null>,35.912268,-79.060903,48904
-8797750.121,4288208.145,135306,CHPD,OPEN CONTAINER AFTER CONSUMING,910 RALEIGH RD,CHAPEL HILL,NC,27514,2016/10/27 00:56:00+00,2016/10/27 00:56:00+00,2016/10/27 00:56:00+00,TRAFFIC STOP,HIGHWAY/ROAD/STREET  ETC.,N,<Null>,<Null>,<Null>,<Null>,35.909735,-79.031534,49210
-8796847.988,4291852.462,139661,CHPD,OPEN CONTAINER IN PASSENGER AREA,100 EPHESUS CHURCH RD/FORDHAM BLVD,CHAPEL HILL,NC,27517,2017/02/02 00:20:00+00,2017/02/02 00:20:00+00,2017/02/02 00:20:00+00,TRAFFIC STOP,HIGHWAY/ROAD/STREET  ETC.,N,<Null>,<Null>,<Null>,<Null>,35.936246,-79.02343,51295
-8799670.494,4288137.638,139663,CHPD,OPEN CONTAINER PASS AREA M/V,203 SOUTH RD/STADIUM DR,CHAPEL HILL,NC,27514,2017/02/02 02:01:00+00,2017/02/02 02:00:00+00,2017/02/02 02:01:00+00,TRAFFIC STOP,HIGHWAY/ROAD/STREET  ETC.,N,<Null>,<Null>,<Null>,<Null>,35.909222,-79.048785,51619
-8800456.855,4288677.655,140614,CHPD,OPEN CONTAINER,100 W FRANKLIN ST,CHAPEL HILL,NC,27516,2017/02/20 13:50:00+00,2017/02/20 13:49:00+00,2017/02/20 13:50:00+00,<Null>,HIGHWAY/ROAD/STREET  ETC.,N,<Null>,<Null>,<Null>,<Null>,35.913151,-79.055849,52257
-8800228.427,4288941.556,140541,CHPD,OPEN CONTAINER IN PASSENGER AREA OF VEHICLE,157 E ROSEMARY ST,CHAPEL HILL,NC,27514,2017/02/19 01:54:00+00,2017/02/19 01:54:00+00,2017/02/19 01:54:00+00,DRIVING UNDER I,PARKING LOT/AREA,N,<Null>,<Null>,<Null>,<Null>,35.915071,-79.053797,52495
-8801266.036,4288291.297,140491,CHPD,OPEN CONTAINER OF MALT BEVERAGE,460 W FRANKLIN ST,CHAPEL HILL,NC,27516,2017/02/17 20:27:00+00,2017/02/17 20:27:00+00,2017/02/17 20:27:00+00,MISC OFFICER IN,HIGHWAY/ROAD/STREET  ETC.,<Null>,<Null>,<Null>,<Null>,<Null>,35.91034,-79.063118,52658
-8800253.919,4288767.408,141019,CHPD,OPEN CONTAINER,150 E FRANKLIN ST,CHAPEL HILL,NC,27514,2017/02/28 22:57:00+00,2017/02/28 22:57:00+00,2017/02/28 22:57:00+00,INFO MESSAGE,HIGHWAY/ROAD/STREET  ETC.,N,<Null>,<Null>,<Null>,<Null>,35.913804,-79.054026,52969
-8800903.803,4288465.301,143526,CHPD,OPEN CONTAINER OF MALT BEVERAGE,306 W FRANKLIN ST,CHAPEL HILL,NC,27516,2017/04/27 22:03:00+00,2017/04/27 22:03:00+00,2017/04/27 22:03:00+00,MISC OFFICER IN,BEHIND BUILDING/ALLEY,N,<Null>,<Null>,<Null>,<Null>,35.911606,-79.059864,53087
-8800929.963,4288452.381,144868,CHPD,OPEN CONTAINER OF MALT BEVERAGE,310 W FRANKLIN ST,CHAPEL HILL,NC,27516,2017/05/29 16:45:00+00,2017/05/29 16:45:00+00,2017/05/29 16:45:00+00,MISC OFFICER IN,HIGHWAY/ROAD/STREET  ETC.,<Null>,<Null>,<Null>,<Null>,<Null>,35.911512,-79.060099,54209
-8800786.583,4288520.141,145081,CHPD,OPEN CONTAINER,206 W FRANKLIN ST,CHAPEL HILL,NC,27516,2017/06/04 02:04:00+00,2017/06/04 02:04:00+00,2017/06/04 02:04:00+00,MISC OFFICER IN,HIGHWAY/ROAD/STREET  ETC.,N,<Null>,<Null>,<Null>,<Null>,35.912005,-79.058811,54655
-8797828.379,4290708.077,144419,CHPD,OPEN CONTAINER OF MALT BEVERAGE,300 S ESTES DR,CHAPEL HILL,NC,27514,2017/05/18 18:50:00+00,2017/05/18 18:50:00+00,2017/05/18 18:50:00+00,MISC OFFICER IN,OPEN LAND AREAS,N,<Null>,<Null>,<Null>,<Null>,35.927922,-79.032237,54872
-8800694.633,4288563.986,144995,CHPD,CITY ORDINANCE VIOLATION (OPEN CONTAINER),140 W FRANKLIN ST,CHAPEL HILL,NC,27516,2017/06/02 03:34:00+00,2017/06/02 03:34:00+00,2017/06/02 03:34:00+00,MISC OFFICER IN,BEHIND BUILDING/ALLEY,<Null>,<Null>,<Null>,<Null>,<Null>,35.912324,-79.057985,54884
-8802441.459,4286953.928,147131,CHPD,OPEN CONTAINER VIOLATION,101 SMITH LEVEL RD,CHAPEL HILL,NC,27516,2017/07/25 23:51:00+00,2017/07/25 23:51:00+00,2017/07/25 23:51:00+00,TRAFFIC STOP,HIGHWAY/ROAD/STREET  ETC.,N,<Null>,<Null>,<Null>,<Null>,35.900609,-79.073677,55071
-8799162.766,4289206.564,147284,CHPD,OPEN CONTAINER,619 E FRANKLIN ST,CHAPEL HILL,NC,27514,2017/07/29 19:43:00+00,2017/07/29 19:43:00+00,2017/07/29 19:43:00+00,MVC ENTRAPMENT,HIGHWAY/ROAD/STREET  ETC.,N,<Null>,<Null>,<Null>,<Null>,35.916999,-79.044224,55153
-8800903.803,4288465.301,146115,CHPD,OPEN CONTAINER OF MALT BEVERAGE,306 W FRANKLIN ST,CHAPEL HILL,NC,27516,2017/06/30 22:59:00+00,2017/06/30 22:59:00+00,2017/06/30 22:59:00+00,MISC OFFICER IN,BEHIND BUILDING/ALLEY,N,<Null>,<Null>,<Null>,<Null>,35.911606,-79.059864,55176
-8796913.889,4291334.147,148749,CHPD,OPEN CONTAINER OF MALT BEVERAGE,450 S ELLIOTT RD,CHAPEL HILL,NC,27514,2017/09/02 13:37:00+00,2017/09/02 13:37:00+00,2017/09/02 13:37:00+00,PUBLIC SERVICE,HIGHWAY/ROAD/STREET  ETC.,N,<Null>,<Null>,<Null>,<Null>,35.932476,-79.024022,56389
-8801387.152,4288596.149,147919,CHPD,OPEN CONTAINER,216 N ROBERSON ST,CHAPEL HILL,NC,27516,2017/08/15 00:33:00+00,2017/08/15 00:33:00+00,2017/08/15 00:33:00+00,MISC OFFICER IN,OTHER NON-RESIDENTIAL BUILDING,N,<Null>,<Null>,<Null>,<Null>,35.912558,-79.064206,56596
-8800369.692,4288712.429,148389,CHPD,OPEN CONTAINER OF MALT BEVERAGE,120 E FRANKLIN ST,CHAPEL HILL,NC,27514,2017/08/26 00:48:00+00,2017/08/26 00:48:00+00,2017/08/26 00:48:00+00,MISC OFFICER IN,OPEN LAND AREAS,N,<Null>,<Null>,<Null>,<Null>,35.913404,-79.055066,56974
-8795037.377,4293348.153,149590,CHPD,OPEN CONTAINER IN PASS AREA,FORDHAM BLVD/EASTOWNE DR,CHAPEL HILL,NC,27517,2017/09/24 04:01:00+00,2017/09/24 03:30:00+00,2017/09/24 03:35:00+00,TRAFFIC VIOLATI,HIGHWAY/ROAD/STREET  ETC.,N,<Null>,<Null>,<Null>,<Null>,35.947124,-79.007165,57715
-8801180.988,4288487.567,151417,CHPD,OPEN CONTAINER,342 W ROSEMARY ST,CHAPEL HILL,NC,27516,2017/11/05 17:39:00+00,2017/11/05 16:27:00+00,2017/11/05 16:27:00+00,TRESPASSING/UNW,PARKING LOT/AREA,<Null>,<Null>,<Null>,<Null>,<Null>,35.911768,-79.062354,58061
-8800711.888,4293073.006,152604,CHPD,OPEN CONTAINER,1201 MARTIN LUTHER KING JR BLVD,CHAPEL HILL,NC,27516,2017/12/11 16:14:00+00,2017/12/11 16:14:00+00,2017/12/11 16:14:00+00,DRIVING UNDER I,SERVICE/GAS STATION,N,<Null>,<Null>,<Null>,<Null>,35.945123,-79.05814,58435
-8800903.803,4288465.301,151890,CHPD,OPEN CONTAINER,306 W FRANKLIN ST,CHAPEL HILL,NC,27516,2017/11/19 13:04:00+00,2017/11/19 13:04:00+00,2017/11/19 13:04:00+00,TRESPASSING/UNW,RESTAURANT,<Null>,<Null>,<Null>,<Null>,<Null>,35.911606,-79.059864,58867
-8800456.855,4288677.655,154755,CHPD,OPEN CONTAINER OF MALT BEVERAGE,100 W FRANKLIN ST,CHAPEL HILL,NC,27516,2018/02/15 22:11:00+00,2018/02/15 22:11:00+00,2018/02/15 22:11:00+00,MISC OFFICER IN,HIGHWAY/ROAD/STREET  ETC.,<Null>,<Null>,<Null>,<Null>,<Null>,35.913151,-79.055849,60061
-8798061.148,4290899.854,154764,CHPD,OPEN CONTAINER,1415 E FRANKLIN ST/N ESTES DR,CHAPEL HILL,NC,27514,2018/02/16 01:25:00+00,2018/02/16 01:25:00+00,2018/02/16 01:25:00+00,TRAFFIC STOP,HIGHWAY/ROAD/STREET  ETC.,N,<Null>,<Null>,<Null>,<Null>,35.929317,-79.034328,60437
-8800835.675,4295956.548,155009,CHPD,OPEN CONTAINER,7707 MARTIN LUTHER KING JR BLVD/PERKINS DR,CHAPEL HILL,NC,27516,2018/02/22 19:01:00+00,2018/02/22 18:55:00+00,2018/02/22 19:01:00+00,MISC OFFICER IN,HIGHWAY/ROAD/STREET  ETC.,N,<Null>,<Null>,<Null>,<Null>,35.966091,-79.059252,60860
-8800719.458,4288708.168,157016,CHPD,OPEN CONTAINER,214 W ROSEMARY ST,CHAPEL HILL,NC,27516,2018/04/19 22:39:00+00,2018/04/19 22:39:00+00,2018/04/19 22:39:00+00,MISC OFFICER IN,HIGHWAY/ROAD/STREET  ETC.,N,<Null>,<Null>,<Null>,<Null>,35.913373,-79.058208,61605
-8798052.243,4290921.3,158153,CHPD,OPEN CONTAINER OF MALT BEVERAGE,201 E FRANKLIN ST,CHAPEL HILL,NC,27514,2018/05/18 22:53:00+00,2018/05/18 22:53:00+00,2018/05/18 22:53:00+00,TRAFFIC VIOLATI,SERVICE/GAS STATION,N,<Null>,<Null>,<Null>,<Null>,35.929473,-79.034248,62210
-8800428.134,4288691.812,158713,CHPD,OPEN CONTAINER OF MALT BEVERAGE,105 E FRANKLIN ST,CHAPEL HILL,NC,27514,2018/06/01 22:54:00+00,2018/06/01 22:54:00+00,2018/06/01 22:54:00+00,MISC OFFICER IN,COMMERCIAL/OFFICE BUILDING,<Null>,<Null>,<Null>,<Null>,<Null>,35.913254,-79.055591,62391
-8800661.126,4292944.167,159669,CHPD,POSSESSION OF OPEN CONTAINER,116 ASHLEY FOREST RD,CHAPEL HILL,NC,27514,2018/06/25 21:35:00+00,2018/06/25 21:35:00+00,2018/06/25 21:35:00+00,MISC OFFICER IN,HIGHWAY/ROAD/STREET  ETC.,N,<Null>,<Null>,<Null>,<Null>,35.944186,-79.057684,62536
-8800669.475,4292943.067,159670,CHPD,POSSESSION OF OPEN CONTAINER,110 ASHLEY FOREST RD,CHAPEL HILL,NC,27514,2018/06/25 22:34:00+00,2018/06/25 22:34:00+00,2018/06/25 22:34:00+00,MISC OFFICER IN,HIGHWAY/ROAD/STREET  ETC.,N,<Null>,<Null>,<Null>,<Null>,35.944178,-79.057759,62539
-8801019.464,4288556.289,159115,CHPD,OPEN CONTAINER OF MALT BEVERAGE,325 W ROSEMARY ST,CHAPEL HILL,NC,27516,2018/06/14 01:48:00+00,2018/06/14 01:48:00+00,2018/06/14 01:48:00+00,MISC OFFICER IN,PARKING LOT/AREA,<Null>,<Null>,<Null>,<Null>,<Null>,35.912268,-79.060903,62559
-8799032.077,4290469.015,159908,CHPD,OPEN CONTAINER,4 TM BOLIN CREEK TRAIL/TM ELIZABETH STREET,CHAPEL HILL,NC,27514,2018/07/01 20:42:00+00,2018/07/01 20:30:00+00,2018/07/01 20:42:00+00,UNKNOWN LE,OPEN LAND AREAS,<Null>,<Null>,<Null>,<Null>,<Null>,35.926183,-79.04305,62805
-8800516.522,4288799.983,159077,CHPD,OPEN CONTAINER- LOCAL ORDINANCE,121 N COLUMBIA ST,<Null>,NC,27516,2018/06/12 23:09:00+00,2018/06/12 23:09:00+00,2018/06/12 23:09:00+00,MISC OFFICER IN,HIGHWAY/ROAD/STREET  ETC.,N,<Null>,<Null>,<Null>,<Null>,35.914041,-79.056385,62935
-8800353.662,4288448.945,160637,CHPD,OPEN CONTAINER PASSENGER AREA,128 S COLUMBIA ST/FRATERNITY CT,CHAPEL HILL,NC,27516,2018/07/22 02:25:00+00,2018/07/22 02:24:00+00,2018/07/22 02:25:00+00,TRAFFIC STOP,HIGHWAY/ROAD/STREET  ETC.,N,<Null>,<Null>,<Null>,<Null>,35.911487,-79.054922,63122
-8800209.503,4288796.959,159947,CHPD,OPEN CONTAINER OF MALT BEVERAGE,161 E FRANKLIN ST,CHAPEL HILL,NC,27514,2018/07/02 21:28:00+00,2018/07/02 21:28:00+00,2018/07/02 21:28:00+00,MISC OFFICER IN,HIGHWAY/ROAD/STREET  ETC.,N,<Null>,<Null>,<Null>,<Null>,35.914019,-79.053627,63289
-8801019.464,4288556.289,160068,CHPD,OPEN CONTAINER OF MALT BEVERAGE,325 W ROSEMARY ST,CHAPEL HILL,NC,27516,2018/07/05 23:40:00+00,2018/07/05 23:40:00+00,2018/07/05 23:40:00+00,MISC OFFICER IN,CONVENIENCE STORE,N,<Null>,<Null>,<Null>,<Null>,35.912268,-79.060903,63395
-8800516.188,4288649.203,160352,CHPD,OPEN CONTAINER OF MALT BEVERAGE,110 W FRANKLIN ST,CHAPEL HILL,NC,27516,2018/07/14 00:33:00+00,2018/07/14 00:33:00+00,2018/07/14 00:33:00+00,MISC OFFICER IN,RESTAURANT,<Null>,<Null>,<Null>,<Null>,<Null>,35.912944,-79.056382,63529
-8800516.188,4288649.203,160168,CHPD,OPEN CONTAINER OF MALT BEVERAGE,110 W FRANKLIN ST,CHAPEL HILL,NC,27516,2018/07/09 00:04:00+00,2018/07/08 23:14:00+00,2018/07/09 00:04:00+00,MISC OFFICER IN,HIGHWAY/ROAD/STREET  ETC.,N,<Null>,<Null>,<Null>,<Null>,35.912944,-79.056382,63755
-8800456.855,4288677.655,160285,CHPD,OPEN CONTAINER,100 W FRANKLIN ST,CHAPEL HILL,NC,27516,2018/07/11 21:36:00+00,2018/07/11 21:36:00+00,2018/07/11 21:36:00+00,MISC OFFICER IN,HIGHWAY/ROAD/STREET  ETC.,N,<Null>,<Null>,<Null>,<Null>,35.913151,-79.055849,63830
-8800413.552,4288699.371,161937,CHPD,OPEN CONTAINER OF MALT BEVERAGE,109 E FRANKLIN ST,CHAPEL HILL,NC,27514,2018/08/24 19:41:00+00,2018/08/24 19:41:00+00,2018/08/24 19:41:00+00,MISC OFFICER IN,HIGHWAY/ROAD/STREET  ETC.,<Null>,<Null>,<Null>,<Null>,<Null>,35.913309,-79.05546,64093
-8800413.552,4288699.371,161936,CHPD,OPEN CONTAINER OF MALT BEVERAGE,109 E FRANKLIN ST,CHAPEL HILL,NC,27514,2018/08/24 18:40:00+00,2018/08/24 18:40:00+00,2018/08/24 18:40:00+00,MISC OFFICER IN,HIGHWAY/ROAD/STREET  ETC.,<Null>,<Null>,<Null>,<Null>,<Null>,35.913309,-79.05546,64267
-8800317.149,4288745.691,162399,CHPD,OPEN CONTAINER,135 E FRANKLIN ST,CHAPEL HILL,NC,27514,2018/09/06 00:40:00+00,2018/09/06 00:40:00+00,2018/09/06 00:40:00+00,MISC OFFICER IN,HIGHWAY/ROAD/STREET  ETC.,N,<Null>,<Null>,<Null>,<Null>,35.913646,-79.054594,64269
-8798052.243,4290921.3,161705,CHPD,OPEN CONTAINER AFTER CONSUMING,1501 E FRANKLIN ST,CHAPEL HILL,NC,27514,2018/08/20 01:40:00+00,2018/08/20 01:00:00+00,2018/08/20 01:40:00+00,DRIVING UNDER I,SERVICE/GAS STATION,N,<Null>,<Null>,<Null>,<Null>,35.929473,-79.034248,64524
-8800480.566,4288666.246,163185,CHPD,OPEN CONTAINER,104 W FRANKLIN ST,CHAPEL HILL,NC,27516,2018/09/28 20:06:00+00,2018/09/28 20:06:00+00,2018/09/28 20:06:00+00,DISTURBANCE/NUI,HIGHWAY/ROAD/STREET  ETC.,N,<Null>,<Null>,<Null>,<Null>,35.913068,-79.056062,64689
-8797511.786,4291678.955,162609,CHPD,OPEN CONTAINER,1650 E FRANKLIN ST/N ELLIOTT RD,CHAPEL HILL,NC,27514,2018/09/11 21:40:00+00,2018/09/11 21:40:00+00,2018/09/11 21:40:00+00,MISC OFFICER IN,HIGHWAY/ROAD/STREET  ETC.,N,<Null>,<Null>,<Null>,<Null>,35.934984,-79.029393,64876
-8800209.503,4288796.959,161789,CHPD,OPEN CONTAINER OF MALT BEVERAGE,161 E FRANKLIN ST,CHAPEL HILL,NC,27514,2018/08/21 22:26:00+00,2018/08/21 22:26:00+00,2018/08/21 22:26:00+00,MISC OFFICER IN,HIGHWAY/ROAD/STREET  ETC.,N,<Null>,<Null>,<Null>,<Null>,35.914019,-79.053627,64919
-8801115.421,4293876.19,164528,CHPD,OPEN CONTAINER,2701 HOMESTEAD RD,CHAPEL HILL,NC,27516,2018/11/06 03:28:00+00,2018/11/06 03:28:00+00,2018/11/06 03:28:00+00,DISTURBANCE/NUI,PARKING LOT/AREA,N,<Null>,<Null>,<Null>,<Null>,35.950964,-79.061765,65012
-8800361.788,4288724.524,163517,CHPD,OPEN CONTAINER OF MALT BEVERAGE,123 E FRANKLIN ST,CHAPEL HILL,NC,27514,2018/10/06 13:57:00+00,2018/10/06 13:57:00+00,2018/10/06 13:57:00+00,MISC OFFICER IN,BEHIND BUILDING/ALLEY,Y,<Null>,<Null>,<Null>,<Null>,35.913492,-79.054995,65448
-8800912.931,4288488.254,165155,CHPD,OPEN CONTAINER OF MALT BEVERAGE,306 WEST FRANKLIN ST,CHAPEL HILL,NC,27514,2018/11/20 14:48:00+00,2018/11/20 14:47:00+00,2018/11/20 14:48:00+00,MISC OFFICER IN,HIGHWAY/ROAD/STREET  ETC.,Y,<Null>,<Null>,<Null>,<Null>,35.911773,-79.059946,65819
-8801369.118,4288242.368,165372,CHPD,OPEN CONTAINER OF MALT BEVERAGE,516 W FRANKLIN ST,CHAPEL HILL,NC,27516,2018/11/27 20:33:00+00,2018/11/27 20:33:00+00,2018/11/27 20:33:00+00,DAMAGE/VANDALIS,OTHER RETAIL ESTABLISHMENT,N,<Null>,<Null>,<Null>,<Null>,35.909984,-79.064044,66856
-8800998.647,4288501.861,168382,CHPD,OPEN CONTAINER,310 W FRANKLIN ST,CHAPEL HILL,NC,27516,2019/03/02 11:31:00+00,2019/03/02 11:25:00+00,2019/03/02 11:31:00+00,MISC OFFICER IN,<Null>,<Null>,<Null>,<Null>,<Null>,<Null>,35.911872,-79.060716,67365
-8800128.685,4290586.002,167629,CHPD,POSSESSION OF AN OPEN CONTAINER AFTER CONSUMPTION,XX,CHAPEL HILL,NC,27516,2019/02/07 21:48:00+00,2019/02/07 21:47:00+00,2019/02/07 21:48:00+00,TRAFFIC/TRANSPO,HIGHWAY/ROAD/ALLEY/STREET/SIDEWALK,<Null>,<Null>,<Null>,<Null>,<Null>,35.927034,-79.052901,67540
-8800804.394,4288686.039,168312,CHPD,OPEN CONTAINER,300 W ROSEMARY ST,CHAPEL HILL,NC,27516,2019/02/27 22:19:00+00,2019/02/27 22:18:00+00,2019/02/27 22:19:00+00,DISTURBANCE/NUI,<Null>,<Null>,<Null>,<Null>,<Null>,<Null>,35.913212,-79.058971,67770
-8800481.79,4288688.101,169418,CHPD,OPEN CONTAINER,100 W FRANKLIN ST,CHAPEL HILL,NC,27516,2019/04/01 22:56:00+00,2019/04/01 22:55:00+00,2019/04/01 22:56:00+00,MISC OFFICER IN,<Null>,<Null>,<Null>,<Null>,<Null>,<Null>,35.913227,-79.056073,68856
-8801104.4,4288498.287,171102,CHPD,OPEN CONTAINER,333 W ROSEMARY ST,CHAPEL HILL,NC,27516,2019/05/23 18:49:00+00,2019/05/23 18:49:00+00,2019/05/23 18:49:00+00,MISC OFFICER IN,<Null>,<Null>,<Null>,<Null>,<Null>,<Null>,35.911846,-79.061666,69044
-8800483.572,4288607.007,171392,CHPD,OPEN CONTAINER OF MALT BEVERAGE,100 N COLUMBIA ST,CHAPEL HILL,NC,27514,2019/06/01 19:12:00+00,2019/06/01 19:10:00+00,2019/06/01 19:12:00+00,MISC OFFICER IN,<Null>,<Null>,<Null>,<Null>,<Null>,<Null>,35.912637,-79.056089,69140
-8800709.773,4288565.086,171797,CHPD,OPEN CONTAINER OF MALT BEVERAGE,100 CHURCH ST,CHAPEL HILL,NC,27516,2019/06/15 21:24:00+00,2019/06/15 21:24:00+00,2019/06/15 21:24:00+00,STATIONARY PATR,<Null>,<Null>,<Null>,<Null>,<Null>,<Null>,35.912332,-79.058121,69169
-8800441.159,4288788.85,171799,CHPD,OPEN CONTAINER OF MALT BEVERAGE,100 E ROSEMARY ST,CHAPEL HILL,NC,27514,2019/06/15 23:10:00+00,2019/06/15 23:10:00+00,2019/06/15 23:10:00+00,MISC OFFICER IN,<Null>,<Null>,<Null>,<Null>,<Null>,<Null>,35.91396,-79.055708,69170
-8800977.496,4288531.412,171804,CHPD,OPEN CONTAINER OF MALT BEVERAGE,325 W ROSEMARY ST,CHAPEL HILL,NC,27516,2019/06/16 02:05:00+00,2019/06/16 02:05:00+00,2019/06/16 02:05:00+00,MISC OFFICER IN,<Null>,<Null>,<Null>,<Null>,<Null>,<Null>,35.912087,-79.060526,69173
-8801225.182,4288424.892,171676,CHPD,OPEN CONTAINER OF MALT BEVERAGE,407 W ROSEMARY ST,CHAPEL HILL,NC,27516,2019/06/11 19:51:00+00,2019/06/11 19:50:00+00,2019/06/11 19:51:00+00,PUBLIC SERVICE,<Null>,<Null>,<Null>,<Null>,<Null>,<Null>,35.911312,-79.062751,69261
-8800768.327,4296250.199,171559,CHPD,OPEN CONTAINER,1800 MARTIN LUTHER KING JR BLVD,CHAPEL HILL,NC,<Null>,2019/06/07 16:03:00+00,2019/06/07 15:55:00+00,2019/06/07 16:03:00+00,MISC OFFICER IN,<Null>,<Null>,<Null>,<Null>,<Null>,<Null>,35.968226,-79.058647,69655
-8800291.434,4288718.202,171856,CHPD,OPEN CONTAINER,138 E FRANKLIN ST,CHAPEL HILL,NC,27514,2019/06/18 09:18:00+00,2019/06/18 09:15:00+00,2019/06/18 09:18:00+00,PUBLIC SERVICE,<Null>,<Null>,<Null>,<Null>,<Null>,<Null>,35.913446,-79.054363,69666
-8800819.868,4295957.374,171040,CHPD,OPEN CONTAINER,PERKINS DR@MARTIN LUTHER KING JR BLVD,CHAPEL HILL,NC,27516,2019/05/21 18:27:00+00,2019/05/21 18:27:00+00,2019/05/21 18:27:00+00,MISC OFFICER IN,<Null>,<Null>,<Null>,<Null>,<Null>,<Null>,35.966097,-79.05911,69900
-8800483.572,4288607.007,173306,CHPD,OPEN CONTAINER,100 N COLUMBIA ST,CHAPEL HILL,NC,27514,2019/08/07 10:23:00+00,2019/08/07 10:23:00+00,2019/08/07 10:23:00+00,MISC OFFICER IN,<Null>,<Null>,<Null>,<Null>,<Null>,<Null>,35.912637,-79.056089,70053
-8800448.283,4288726.723,172869,CHPD,OPEN CONTAINER,100 N COLUMBIA ST,CHAPEL HILL,NC,27514,2019/07/22 19:28:00+00,2019/07/22 19:27:00+00,2019/07/22 19:28:00+00,MISC OFFICER IN,<Null>,<Null>,<Null>,<Null>,<Null>,<Null>,35.913508,-79.055772,70152
-8800449.063,4288678.754,172678,CHPD,OPEN CONTAINER OF MALT BEVERAGE,W FRANKLIN ST@N COLUMBIA ST,CHAPEL HILL,NC,27514,2019/07/16 18:44:00+00,2019/07/16 18:44:00+00,2019/07/16 18:44:00+00,TRAFFIC STOP,<Null>,<Null>,<Null>,<Null>,<Null>,<Null>,35.913159,-79.055779,70241
-8800540.345,4288686.864,172899,CHPD,OPEN CONTAINER,110 W FRANKLIN ST,CHAPEL HILL,NC,27516,2019/07/23 21:08:00+00,2019/07/23 21:08:00+00,2019/07/23 21:08:00+00,MISC OFFICER IN,<Null>,<Null>,<Null>,<Null>,<Null>,<Null>,35.913218,-79.056599,70285
-8800403.199,4288729.472,173200,CHPD,OPEN CONTAINER,109 E FRANKLIN ST,CHAPEL HILL,NC,27514,2019/08/03 10:31:00+00,2019/08/03 10:31:00+00,2019/08/03 10:31:00+00,MISC OFFICER IN,<Null>,<Null>,<Null>,<Null>,<Null>,<Null>,35.913528,-79.055367,70288
-8800768.327,4296250.199,173526,CHPD,OPEN CONTAINER OF MALT BEVERAGE,1800 MARTIN LUTHER KING JR BLVD,CHAPEL HILL,NC,27514,2019/08/14 20:22:00+00,2019/08/14 20:22:00+00,2019/08/14 20:22:00+00,MISC OFFICER IN,<Null>,<Null>,<Null>,<Null>,<Null>,<Null>,35.968226,-79.058647,70407
-8800409.655,4288663.498,172991,CHPD,OPEN CONTAINER,100 E FRANKLIN ST,CHAPEL HILL,NC,27514,2019/07/26 20:10:00+00,2019/07/26 20:10:00+00,2019/07/26 20:10:00+00,MISC OFFICER IN,<Null>,<Null>,<Null>,<Null>,<Null>,<Null>,35.913048,-79.055425,70565
-8796787.987,4292014.699,174408,CHPD,OPEN CONTAINER,1720 FORDHAM BLVD,CHAPEL HILL,NC,<Null>,2019/09/11 12:51:00+00,2019/09/11 12:51:00+00,2019/09/11 12:51:00+00,TRESPASSING/UNW,<Null>,<Null>,<Null>,<Null>,<Null>,<Null>,35.937426,-79.022891,71058
-8796787.987,4292014.699,173573,CHPD,OPEN CONTAINER OF MALT BEVERAGE,1720 FORDHAM BLVD,CHAPEL HILL,NC,<Null>,2019/08/16 16:21:00+00,2019/08/16 16:10:00+00,2019/08/16 16:11:00+00,DISTURBANCE/NUI,<Null>,<Null>,<Null>,<Null>,<Null>,<Null>,35.937426,-79.022891,71105
-8800782.798,4288635.321,173849,CHPD,OPEN CONTAINER,109 CHURCH ST,CHAPEL HILL,NC,27516,2019/08/25 01:56:00+00,2019/08/25 01:54:00+00,2019/08/25 01:56:00+00,MISC OFFICER IN,<Null>,<Null>,<Null>,<Null>,<Null>,<Null>,35.912843,-79.058777,71541
-8800483.572,4288607.007,174983,CHPD,POSS. OF OPEN CONTAINER,100 N COLUMBIA ST,CHAPEL HILL,NC,27514,2019/09/27 10:37:00+00,2019/09/27 10:37:00+00,2019/09/27 10:37:00+00,MISC OFFICER IN,<Null>,<Null>,<Null>,<Null>,<Null>,<Null>,35.912637,-79.056089,71668
-8801311.566,4289815.502,176138,CHPD,OPEN CONTAINER,399 UMSTEAD DR,CHAPEL HILL,NC,27516,2019/10/31 22:36:00+00,2019/10/31 22:36:00+00,2019/10/31 22:36:00+00,SUSPICIOUS/WANT,<Null>,<Null>,<Null>,<Null>,<Null>,<Null>,35.921429,-79.063527,72035
-8796700.156,4291948.291,177534,CHPD,OPEN CONTAINER OF MALT BEVERAGE,1720 FORDHAM BLVD,CHAPEL HILL,NC,27514,2019/12/14 19:18:00+00,2019/12/14 19:15:00+00,2019/12/14 19:18:00+00,DISTURBANCE/NUI,<Null>,<Null>,<Null>,<Null>,<Null>,<Null>,35.936943,-79.022102,73190
-8800546.244,4288812.354,177540,CHPD,OPEN CONTAINER IN VEHICLE,100 W ROSEMARY ST,CHAPEL HILL,NC,27516,2019/12/15 00:07:00+00,2019/12/15 00:07:00+00,2019/12/15 00:07:00+00,TRAFFIC STOP,<Null>,<Null>,<Null>,<Null>,<Null>,<Null>,35.914131,-79.056652,73192
-8800398.078,4288647.279,177403,CHPD,OPEN CONTAINER OF MALT BEVERAGE,100 W FRANKLIN ST,CHAPEL HILL,NC,27516,2019/12/10 17:38:00+00,2019/12/10 17:35:00+00,2019/12/10 17:38:00+00,DISTURBANCE/NUI,<Null>,<Null>,<Null>,<Null>,<Null>,<Null>,35.91293,-79.055321,73562
-8800916.159,4288523.44,177736,CHPD,OPEN CONTAINER,210 W FRANKLIN ST,CHAPEL HILL,NC,27516,2019/12/21 01:16:00+00,2019/12/21 01:16:00+00,2019/12/21 01:16:00+00,MISC OFFICER IN,<Null>,<Null>,<Null>,<Null>,<Null>,<Null>,35.912029,-79.059975,73593
-8800975.938,4288454.855,178343,CHPD,OPEN CONTAINER,310 W FRANKLIN ST,CHAPEL HILL,NC,27516,2020/01/13 08:20:00+00,2020/01/13 08:20:00+00,2020/01/13 08:20:00+00,MISC OFFICER IN,<Null>,<Null>,<Null>,<Null>,<Null>,<Null>,35.91153,-79.060512,73608
-8794883.533,4292352.103,178440,CHPD,OPEN CONTAINER,209 HADDON HALL CIR,CHAPEL HILL,NC,27517,2020/01/16 02:02:00+00,2020/01/16 02:02:00+00,2020/01/16 02:02:00+00,DISTURBANCE/NUI,<Null>,<Null>,<Null>,<Null>,<Null>,<Null>,35.93988,-79.005783,73663
-8800266.387,4288885.752,178435,CHPD,OPEN CONTAINER OF MALT BEVERAGE,150 E ROSEMARY ST,CHAPEL HILL,NC,27514,2020/01/15 19:39:00+00,2020/01/15 19:39:00+00,2020/01/15 19:39:00+00,LE ASSISTANCE,<Null>,<Null>,<Null>,<Null>,<Null>,<Null>,35.914665,-79.054138,73668
-8800394.739,4288737.307,178365,CHPD,OPEN CONTAINER,109 E FRANKLIN ST,CHAPEL HILL,NC,27514,2020/01/13 16:46:00+00,2020/01/13 16:46:00+00,2020/01/13 16:46:00+00,MISC OFFICER IN,<Null>,<Null>,<Null>,<Null>,<Null>,<Null>,35.913585,-79.055291,73845
-8800977.274,4288462.689,179686,CHPD,OPEN CONTAINER,310 W FRANKLIN ST,CHAPEL HILL,NC,27516,2020/02/25 20:36:00+00,2020/02/25 20:36:00+00,2020/02/25 20:36:00+00,MISC OFFICER IN,<Null>,<Null>,<Null>,47,B,M,35.911587,-79.060524,74104
-8800572.182,4288699.096,179274,CHPD,OPEN CONTAINER,112 W FRANKLIN ST,CHAPEL HILL,NC,27516,2020/02/11 16:38:00+00,2020/02/11 16:30:00+00,2020/02/11 16:38:00+00,TRESPASSING/UNW,<Null>,<Null>,<Null>,<Null>,<Null>,<Null>,35.913307,-79.056885,74424
-8800975.938,4288454.855,179895,CHPD,OPEN CONTAINER,310 W FRANKLIN ST,CHAPEL HILL,NC,27516,2020/03/02 19:26:00+00,2020/03/02 19:26:00+00,2020/03/02 19:26:00+00,MISC OFFICER IN,<Null>,<Null>,<Null>,<Null>,<Null>,<Null>,35.91153,-79.060512,74486
-8800678.381,4288652.502,179982,CHPD,OPEN CONTAINER,140 W FRANKLIN ST,CHAPEL HILL,NC,27516,2020/03/04 20:45:00+00,2020/03/04 20:45:00+00,2020/03/04 20:45:00+00,MISC OFFICER IN,<Null>,<Null>,<Null>,<Null>,<Null>,<Null>,35.912968,-79.057839,74513
-8800542.46,4288695.935,179490,CHPD,OPEN CONTAINER,110 W FRANKLIN ST,CHAPEL HILL,NC,27516,2020/02/18 20:33:00+00,2020/02/18 20:33:00+00,2020/02/18 20:33:00+00,MISC OFFICER IN,<Null>,<Null>,<Null>,<Null>,<Null>,<Null>,35.913284,-79.056618,74671
-8800482.013,4288689.063,179622,CHPD,OPEN CONTAINER OF MALT BEVERAGE,100 W FRANKLIN ST,CHAPEL HILL,NC,27516,2020/02/23 17:42:00+00,2020/02/23 17:42:00+00,2020/02/23 17:42:00+00,MISC OFFICER IN,<Null>,<Null>,<Null>,<Null>,<Null>,<Null>,35.913234,-79.056075,74802
-8800169.205,4288862.523,179590,CHPD,OPEN CONTAINER OF MALT BEVERAGE,179 E FRANKLIN ST,CHAPEL HILL,NC,27514,2020/02/22 17:49:00+00,2020/02/22 17:49:00+00,2020/02/22 17:49:00+00,MISC OFFICER IN,<Null>,<Null>,<Null>,<Null>,<Null>,<Null>,35.914496,-79.053265,74960
-8800756.416,4288574.295,181954,CHPD,OPEN CONTAINER OF MALT BEVERAGE,200 W FRANKLIN ST,CHAPEL HILL,NC,27516,2020/06/08 08:57:00+00,2020/06/08 08:50:00+00,2020/06/08 08:57:00+00,HARASSMENT/STAL,HIGHWAY/ROAD/ALLEY/STREET/SIDEWALK,<Null>,NONE,<Null>,<Null>,<Null>,35.912399,-79.05854,76344
-8798557.633,4289982.245,182093,CHPD,OPEN CONTAINER OF MALT BEVERAGE,1010 E FRANKLIN ST/HOWELL LN,CHAPEL HILL,NC,27514,2020/06/14 19:13:00+00,2020/06/14 19:10:00+00,2020/06/14 19:13:00+00,MISC OFFICER IN,HIGHWAY/ROAD/ALLEY/STREET/SIDEWALK,N,<Null>,<Null>,<Null>,<Null>,35.922642,-79.038788,76540
-8800352.883,4291060.014,182174,CHPD,OPEN CONTAINER,888 MARTIN LUTHER KING JR BLVD/BARCLAY RD,CHAPEL HILL,NC,27514,2020/06/19 02:22:00+00,2020/06/19 02:22:00+00,2020/06/19 02:22:00+00,TRAFFIC STOP,HIGHWAY/ROAD/ALLEY/STREET/SIDEWALK,<Null>,NONE,<Null>,<Null>,<Null>,35.930482,-79.054915,76629
-8800354.107,4288752.289,183873,CHPD,OPEN CONTAINER,123 E FRANKLIN ST,CHAPEL HILL,NC,27514,2020/08/31 17:53:00+00,2020/08/31 17:45:00+00,2020/08/31 17:53:00+00,DISTURBANCE/NUI,HIGHWAY/ROAD/ALLEY/STREET/SIDEWALK,<Null>,<Null>,<Null>,<Null>,<Null>,35.913694,-79.054926,77458
-8797139.2,4288119.083,186398,CHPD,OPEN CONTAINER,1201 RALEIGH RD,CHAPEL HILL,NC,27517,2020/12/12 17:03:00+00,2020/12/12 17:03:00+00,2020/12/12 17:03:00+00,TRAFFIC VIOLATI,PARKING/DROP LOT/GARAGE,<Null>,<Null>,<Null>,<Null>,<Null>,35.909087,-79.026046,79983
-8800445.612,4288687.001,188746,CHPD,OPEN CONTAINER OF MALT BEVERAGE,100 E FRANKLIN ST,CHAPEL HILL,NC,27514,2021/03/31 00:06:00+00,2021/03/31 00:05:00+00,2021/03/31 00:06:00+00,MISC OFFICER IN,HIGHWAY/ROAD/ALLEY/STREET/SIDEWALK,N,NONE,<Null>,<Null>,<Null>,35.913219,-79.055748,81184
-8800982.172,4288427.229,188003,CHPD,OPEN CONTAINER AFTER CONSUMING,330 W FRANKLIN ST,CHAPEL HILL,NC,27516,2021/02/27 00:10:00+00,2021/02/27 00:08:00+00,2021/02/27 00:10:00+00,TRAFFIC STOP,HIGHWAY/ROAD/ALLEY/STREET/SIDEWALK,<Null>,<Null>,<Null>,<Null>,<Null>,35.911329,-79.060568,81277
-8800914.823,4288515.056,190645,CHPD,OPEN CONTAINER (WARNING),306 W FRANKLIN ST,CHAPEL HILL,NC,27516,2021/06/14 23:13:00+00,2021/06/14 23:13:00+00,2021/06/14 23:13:00+00,MISC OFFICER IN,HIGHWAY/ROAD/ALLEY/STREET/SIDEWALK,N,<Null>,<Null>,<Null>,<Null>,35.911968,-79.059963,83333
-8800977.274,4288462.689,192045,CHPD,OPEN CONTAINER,310 W FRANKLIN ST,CHAPEL HILL,NC,27516,2021/08/07 17:40:00+00,2021/08/07 17:35:00+00,2021/08/07 17:40:00+00,MISC OFFICER IN,HIGHWAY/ROAD/ALLEY/STREET/SIDEWALK,<Null>,<Null>,<Null>,<Null>,<Null>,35.911587,-79.060524,84614
-8800483.794,4288697.035,192426,CHPD,OPEN CONTAINER,108 CHURCH ST,CHAPEL HILL,NC,27516,2021/08/20 22:47:00+00,2021/08/20 22:32:00+00,2021/08/20 22:33:00+00,SUSPICIOUS/WANT,HIGHWAY/ROAD/ALLEY/STREET/SIDEWALK,N,NONE,<Null>,<Null>,<Null>,35.913292,-79.056091,84705
-8796700.156,4287781.535,200609,CHPD,OPEN CONTAINER,3140 ENVIRON WAY,CHAPEL HILL,NC,27517,2022/05/28 21:57:00+00,2022/05/28 21:57:00+00,2022/05/28 21:57:00+00,SUSPICIOUS/WANT,PARKING/DROP LOT/GARAGE,<Null>,NONE,<Null>,<Null>,<Null>,35.906631,-79.022102,86802
-8800170.43,4288870.632,199182,CHPD,OPEN CONTAINER OF MALT BEVERAGE,179 E FRANKLIN ST,CHAPEL HILL,NC,27514,2022/04/10 14:09:00+00,2022/04/10 14:09:00+00,2022/04/10 14:09:00+00,DISTURBANCE/NUI,HIGHWAY/ROAD/ALLEY/STREET/SIDEWALK,N,<Null>,<Null>,<Null>,<Null>,35.914555,-79.053276,87797
-8800575.521,4292280.881,196324,CHPD,OPEN CONTAINER,MUNICIPAL DR/MARTIN LUTHER KING JR BLVD,CHAPEL HILL,NC,27514,2021/12/28 01:57:00+00,2021/12/28 01:54:00+00,2021/12/28 01:57:00+00,TRAFFIC STOP,HIGHWAY/ROAD/ALLEY/STREET/SIDEWALK,<Null>,<Null>,<Null>,<Null>,<Null>,35.939362,-79.056915,89090
-8800191.692,4288692.774,194557,CHPD,OPEN CONTAINER OF MALT BEVERAGE,150 E FRANKLIN ST,CHAPEL HILL,NC,27514,2021/10/29 17:15:00+00,2021/10/29 17:14:00+00,2021/10/29 17:15:00+00,MISC OFFICER IN,HIGHWAY/ROAD/ALLEY/STREET/SIDEWALK,<Null>,<Null>,<Null>,<Null>,<Null>,35.913261,-79.053467,91848
-8800387.857,4289003.757,208484,CHPD,OPEN CONTAINER OF MALT BEVERAGE,143 E ROSEMARY ST,CHAPEL HILL,NC,27514,2023/01/28 17:27:00+00,2023/01/28 17:25:00+00,2023/01/28 17:26:00+00,SUSPICIOUS/WANT,PARKING/DROP LOT/GARAGE,,NONE,62,W,F,35.91552353,-79.05522918,95038
-8800735.22,4288520.855,208743,CHPD,OPEN CONTAINER,143 W FRANKLIN ST,CHAPEL HILL,NC,27516,2023/02/04 22:01:00+00,2023/02/04 22:00:00+00,2023/02/04 22:01:00+00,MISC OFFICER IN,HIGHWAY/ROAD/ALLEY/STREET/SIDEWALK,,NONE,,,,35.91201019,-79.0583496,95628
-8800713.139,4288369.854,210961,CHPD,OPEN CONTAINER IN VEHICLE,3 COLONY CT,CHAPEL HILL,NC,27516,2023/04/07 22:23:00+00,2023/04/07 22:16:00+00,2023/04/07 22:23:00+00,WEAPON/FIREARMS,RESIDENCE/HOME,,OTHER FIREARM,,W,F,35.91091156,-79.05815124,97153
-8796700.195,4291948.298,212063,CHPD,OPEN CONTAINER OF MALT BEVERAGE,1720 FORDHAM BLVD,CHAPEL HILL,NC,27514,2023/05/05 23:35:00+00,2023/05/05 22:20:00+00,2023/05/05 22:35:00+00,SUSPICIOUS/WANT,,,NONE,,,,35.93694305,-79.02210235,97940
-8800456.65,4288682.344,217229,CHPD,OPEN CONTAINER OF MALT BEVERAGE,W FRANKLIN ST@S COLUMBIA ST,CHAPEL HILL,NC,27516,2023/09/24 02:22:00+00,2023/09/24 02:22:00+00,2023/09/24 02:22:00+00,TRAFFIC STOP,HIGHWAY/ROAD/ALLEY/STREET/SIDEWALK,,NONE,,,,35.91318512,-79.05584716,99149
-8800785.33,4296035.796,215367,CHPD,OPEN CONTAINER,1860 MARTIN LUTHER KING JR BLVD,CHAPEL HILL,NC,27514,2023/08/04 11:08:00+00,2023/08/04 11:00:00+00,2023/08/04 11:08:00+00,SUSPICIOUS/WANT,SERVICE/GAS STATION,N,NONE,,,,35.96666718,-79.05879974,101764